[2025-11-14 14:06:18] laravel.EMERGENCY: Unable to create configured logger. Using emergency logger. {"exception":"[object] (InvalidArgumentException(code: 0): Log [] is not defined. at C:\\Users\\user\\Stuent\\vendor\\laravel\\framework\\src\\Illuminate\\Log\\LogManager.php:212)
[stacktrace]
#0 C:\\Users\\user\\Stuent\\vendor\\laravel\\framework\\src\\Illuminate\\Log\\LogManager.php(137): Illuminate\\Log\\LogManager->resolve(NULL, NULL)
#1 C:\\Users\\user\\Stuent\\vendor\\laravel\\framework\\src\\Illuminate\\Log\\LogManager.php(124): Illuminate\\Log\\LogManager->get(NULL)
#2 C:\\Users\\user\\Stuent\\vendor\\laravel\\framework\\src\\Illuminate\\Log\\LogManager.php(681): Illuminate\\Log\\LogManager->driver()
#3 C:\\Users\\user\\Stuent\\vendor\\laravel\\framework\\src\\Illuminate\\Foundation\\Exceptions\\Handler.php(317): Illuminate\\Log\\LogManager->error('The C:\\\\Users\\\\us...', Array)
#4 C:\\Users\\user\\Stuent\\vendor\\laravel\\framework\\src\\Illuminate\\Foundation\\Exceptions\\Handler.php(278): Illuminate\\Foundation\\Exceptions\\Handler->reportThrowable(Object(Exception))
#5 C:\\Users\\user\\Stuent\\vendor\\laravel\\framework\\src\\Illuminate\\Foundation\\Console\\Kernel.php(523): Illuminate\\Foundation\\Exceptions\\Handler->report(Object(Exception))
#6 C:\\Users\\user\\Stuent\\vendor\\laravel\\framework\\src\\Illuminate\\Foundation\\Console\\Kernel.php(203): Illuminate\\Foundation\\Console\\Kernel->reportException(Object(Exception))
#7 C:\\Users\\user\\Stuent\\artisan(24): Illuminate\\Foundation\\Console\\Kernel->handle(Object(Symfony\\Component\\Console\\Input\\ArgvInput), Object(Symfony\\Component\\Console\\Output\\ConsoleOutput))
#8 {main}
"} 
[2025-11-14 14:06:18] laravel.ERROR: The C:\Users\user\Stuent\bootstrap\cache directory must be present and writable. {"exception":"[object] (Exception(code: 0): The C:\\Users\\user\\Stuent\\bootstrap\\cache directory must be present and writable. at C:\\Users\\user\\Stuent\\vendor\\laravel\\framework\\src\\Illuminate\\Foundation\\PackageManifest.php:178)
[stacktrace]
#0 C:\\Users\\user\\Stuent\\vendor\\laravel\\framework\\src\\Illuminate\\Foundation\\PackageManifest.php(131): Illuminate\\Foundation\\PackageManifest->write(Array)
#1 C:\\Users\\user\\Stuent\\vendor\\laravel\\framework\\src\\Illuminate\\Foundation\\PackageManifest.php(107): Illuminate\\Foundation\\PackageManifest->build()
#2 C:\\Users\\user\\Stuent\\vendor\\laravel\\framework\\src\\Illuminate\\Foundation\\PackageManifest.php(90): Illuminate\\Foundation\\PackageManifest->getManifest()
#3 C:\\Users\\user\\Stuent\\vendor\\laravel\\framework\\src\\Illuminate\\Foundation\\PackageManifest.php(79): Illuminate\\Foundation\\PackageManifest->config('aliases')
#4 C:\\Users\\user\\Stuent\\vendor\\laravel\\framework\\src\\Illuminate\\Foundation\\Bootstrap\\RegisterFacades.php(26): Illuminate\\Foundation\\PackageManifest->aliases()
#5 C:\\Users\\user\\Stuent\\vendor\\laravel\\framework\\src\\Illuminate\\Foundation\\Application.php(286): Illuminate\\Foundation\\Bootstrap\\RegisterFacades->bootstrap(Object(Illuminate\\Foundation\\Application))
#6 C:\\Users\\user\\Stuent\\vendor\\laravel\\framework\\src\\Illuminate\\Foundation\\Console\\Kernel.php(447): Illuminate\\Foundation\\Application->bootstrapWith(Array)
#7 C:\\Users\\user\\Stuent\\vendor\\laravel\\framework\\src\\Illuminate\\Foundation\\Console\\Kernel.php(199): Illuminate\\Foundation\\Console\\Kernel->bootstrap()
#8 C:\\Users\\user\\Stuent\\artisan(24): Illuminate\\Foundation\\Console\\Kernel->handle(Object(Symfony\\Component\\Console\\Input\\ArgvInput), Object(Symfony\\Component\\Console\\Output\\ConsoleOutput))
#9 {main}
"} 
[2025-11-14 14:06:50] laravel.EMERGENCY: Unable to create configured logger. Using emergency logger. {"exception":"[object] (InvalidArgumentException(code: 0): Log [] is not defined. at C:\\Users\\user\\Stuent\\vendor\\laravel\\framework\\src\\Illuminate\\Log\\LogManager.php:212)
[stacktrace]
#0 C:\\Users\\user\\Stuent\\vendor\\laravel\\framework\\src\\Illuminate\\Log\\LogManager.php(137): Illuminate\\Log\\LogManager->resolve(NULL, NULL)
#1 C:\\Users\\user\\Stuent\\vendor\\laravel\\framework\\src\\Illuminate\\Log\\LogManager.php(124): Illuminate\\Log\\LogManager->get(NULL)
#2 C:\\Users\\user\\Stuent\\vendor\\laravel\\framework\\src\\Illuminate\\Log\\LogManager.php(681): Illuminate\\Log\\LogManager->driver()
#3 C:\\Users\\user\\Stuent\\vendor\\laravel\\framework\\src\\Illuminate\\Foundation\\Exceptions\\Handler.php(317): Illuminate\\Log\\LogManager->error('The C:\\\\Users\\\\us...', Array)
#4 C:\\Users\\user\\Stuent\\vendor\\laravel\\framework\\src\\Illuminate\\Foundation\\Exceptions\\Handler.php(278): Illuminate\\Foundation\\Exceptions\\Handler->reportThrowable(Object(Exception))
#5 C:\\Users\\user\\Stuent\\vendor\\laravel\\framework\\src\\Illuminate\\Foundation\\Console\\Kernel.php(523): Illuminate\\Foundation\\Exceptions\\Handler->report(Object(Exception))
#6 C:\\Users\\user\\Stuent\\vendor\\laravel\\framework\\src\\Illuminate\\Foundation\\Console\\Kernel.php(203): Illuminate\\Foundation\\Console\\Kernel->reportException(Object(Exception))
#7 C:\\Users\\user\\Stuent\\artisan(24): Illuminate\\Foundation\\Console\\Kernel->handle(Object(Symfony\\Component\\Console\\Input\\ArgvInput), Object(Symfony\\Component\\Console\\Output\\ConsoleOutput))
#8 {main}
"} 
[2025-11-14 14:06:50] laravel.ERROR: The C:\Users\user\Stuent\bootstrap\cache directory must be present and writable. {"exception":"[object] (Exception(code: 0): The C:\\Users\\user\\Stuent\\bootstrap\\cache directory must be present and writable. at C:\\Users\\user\\Stuent\\vendor\\laravel\\framework\\src\\Illuminate\\Foundation\\PackageManifest.php:178)
[stacktrace]
#0 C:\\Users\\user\\Stuent\\vendor\\laravel\\framework\\src\\Illuminate\\Foundation\\PackageManifest.php(131): Illuminate\\Foundation\\PackageManifest->write(Array)
#1 C:\\Users\\user\\Stuent\\vendor\\laravel\\framework\\src\\Illuminate\\Foundation\\PackageManifest.php(107): Illuminate\\Foundation\\PackageManifest->build()
#2 C:\\Users\\user\\Stuent\\vendor\\laravel\\framework\\src\\Illuminate\\Foundation\\PackageManifest.php(90): Illuminate\\Foundation\\PackageManifest->getManifest()
#3 C:\\Users\\user\\Stuent\\vendor\\laravel\\framework\\src\\Illuminate\\Foundation\\PackageManifest.php(79): Illuminate\\Foundation\\PackageManifest->config('aliases')
#4 C:\\Users\\user\\Stuent\\vendor\\laravel\\framework\\src\\Illuminate\\Foundation\\Bootstrap\\RegisterFacades.php(26): Illuminate\\Foundation\\PackageManifest->aliases()
#5 C:\\Users\\user\\Stuent\\vendor\\laravel\\framework\\src\\Illuminate\\Foundation\\Application.php(286): Illuminate\\Foundation\\Bootstrap\\RegisterFacades->bootstrap(Object(Illuminate\\Foundation\\Application))
#6 C:\\Users\\user\\Stuent\\vendor\\laravel\\framework\\src\\Illuminate\\Foundation\\Console\\Kernel.php(447): Illuminate\\Foundation\\Application->bootstrapWith(Array)
#7 C:\\Users\\user\\Stuent\\vendor\\laravel\\framework\\src\\Illuminate\\Foundation\\Console\\Kernel.php(199): Illuminate\\Foundation\\Console\\Kernel->bootstrap()
#8 C:\\Users\\user\\Stuent\\artisan(24): Illuminate\\Foundation\\Console\\Kernel->handle(Object(Symfony\\Component\\Console\\Input\\ArgvInput), Object(Symfony\\Component\\Console\\Output\\ConsoleOutput))
#9 {main}
"} 
[2025-11-14 14:07:23] laravel.EMERGENCY: Unable to create configured logger. Using emergency logger. {"exception":"[object] (InvalidArgumentException(code: 0): Log [] is not defined. at C:\\Users\\user\\Stuent\\vendor\\laravel\\framework\\src\\Illuminate\\Log\\LogManager.php:212)
[stacktrace]
#0 C:\\Users\\user\\Stuent\\vendor\\laravel\\framework\\src\\Illuminate\\Log\\LogManager.php(137): Illuminate\\Log\\LogManager->resolve(NULL, NULL)
#1 C:\\Users\\user\\Stuent\\vendor\\laravel\\framework\\src\\Illuminate\\Log\\LogManager.php(124): Illuminate\\Log\\LogManager->get(NULL)
#2 C:\\Users\\user\\Stuent\\vendor\\laravel\\framework\\src\\Illuminate\\Log\\LogManager.php(681): Illuminate\\Log\\LogManager->driver()
#3 C:\\Users\\user\\Stuent\\vendor\\laravel\\framework\\src\\Illuminate\\Foundation\\Exceptions\\Handler.php(317): Illuminate\\Log\\LogManager->error('The C:\\\\Users\\\\us...', Array)
#4 C:\\Users\\user\\Stuent\\vendor\\laravel\\framework\\src\\Illuminate\\Foundation\\Exceptions\\Handler.php(278): Illuminate\\Foundation\\Exceptions\\Handler->reportThrowable(Object(Exception))
#5 C:\\Users\\user\\Stuent\\vendor\\laravel\\framework\\src\\Illuminate\\Foundation\\Console\\Kernel.php(523): Illuminate\\Foundation\\Exceptions\\Handler->report(Object(Exception))
#6 C:\\Users\\user\\Stuent\\vendor\\laravel\\framework\\src\\Illuminate\\Foundation\\Console\\Kernel.php(203): Illuminate\\Foundation\\Console\\Kernel->reportException(Object(Exception))
#7 C:\\Users\\user\\Stuent\\artisan(24): Illuminate\\Foundation\\Console\\Kernel->handle(Object(Symfony\\Component\\Console\\Input\\ArgvInput), Object(Symfony\\Component\\Console\\Output\\ConsoleOutput))
#8 {main}
"} 
[2025-11-14 14:07:23] laravel.ERROR: The C:\Users\user\Stuent\bootstrap\cache directory must be present and writable. {"exception":"[object] (Exception(code: 0): The C:\\Users\\user\\Stuent\\bootstrap\\cache directory must be present and writable. at C:\\Users\\user\\Stuent\\vendor\\laravel\\framework\\src\\Illuminate\\Foundation\\PackageManifest.php:178)
[stacktrace]
#0 C:\\Users\\user\\Stuent\\vendor\\laravel\\framework\\src\\Illuminate\\Foundation\\PackageManifest.php(131): Illuminate\\Foundation\\PackageManifest->write(Array)
#1 C:\\Users\\user\\Stuent\\vendor\\laravel\\framework\\src\\Illuminate\\Foundation\\PackageManifest.php(107): Illuminate\\Foundation\\PackageManifest->build()
#2 C:\\Users\\user\\Stuent\\vendor\\laravel\\framework\\src\\Illuminate\\Foundation\\PackageManifest.php(90): Illuminate\\Foundation\\PackageManifest->getManifest()
#3 C:\\Users\\user\\Stuent\\vendor\\laravel\\framework\\src\\Illuminate\\Foundation\\PackageManifest.php(79): Illuminate\\Foundation\\PackageManifest->config('aliases')
#4 C:\\Users\\user\\Stuent\\vendor\\laravel\\framework\\src\\Illuminate\\Foundation\\Bootstrap\\RegisterFacades.php(26): Illuminate\\Foundation\\PackageManifest->aliases()
#5 C:\\Users\\user\\Stuent\\vendor\\laravel\\framework\\src\\Illuminate\\Foundation\\Application.php(286): Illuminate\\Foundation\\Bootstrap\\RegisterFacades->bootstrap(Object(Illuminate\\Foundation\\Application))
#6 C:\\Users\\user\\Stuent\\vendor\\laravel\\framework\\src\\Illuminate\\Foundation\\Console\\Kernel.php(447): Illuminate\\Foundation\\Application->bootstrapWith(Array)
#7 C:\\Users\\user\\Stuent\\vendor\\laravel\\framework\\src\\Illuminate\\Foundation\\Console\\Kernel.php(199): Illuminate\\Foundation\\Console\\Kernel->bootstrap()
#8 C:\\Users\\user\\Stuent\\artisan(24): Illuminate\\Foundation\\Console\\Kernel->handle(Object(Symfony\\Component\\Console\\Input\\ArgvInput), Object(Symfony\\Component\\Console\\Output\\ConsoleOutput))
#9 {main}
"} 
[2025-11-14 14:08:26] laravel.EMERGENCY: Unable to create configured logger. Using emergency logger. {"exception":"[object] (InvalidArgumentException(code: 0): Log [] is not defined. at C:\\Users\\user\\Stuent\\vendor\\laravel\\framework\\src\\Illuminate\\Log\\LogManager.php:212)
[stacktrace]
#0 C:\\Users\\user\\Stuent\\vendor\\laravel\\framework\\src\\Illuminate\\Log\\LogManager.php(137): Illuminate\\Log\\LogManager->resolve(NULL, NULL)
#1 C:\\Users\\user\\Stuent\\vendor\\laravel\\framework\\src\\Illuminate\\Log\\LogManager.php(124): Illuminate\\Log\\LogManager->get(NULL)
#2 C:\\Users\\user\\Stuent\\vendor\\laravel\\framework\\src\\Illuminate\\Log\\LogManager.php(681): Illuminate\\Log\\LogManager->driver()
#3 C:\\Users\\user\\Stuent\\vendor\\laravel\\framework\\src\\Illuminate\\Foundation\\Exceptions\\Handler.php(317): Illuminate\\Log\\LogManager->error('Method Illumina...', Array)
#4 C:\\Users\\user\\Stuent\\vendor\\laravel\\framework\\src\\Illuminate\\Foundation\\Exceptions\\Handler.php(278): Illuminate\\Foundation\\Exceptions\\Handler->reportThrowable(Object(BadMethodCallException))
#5 C:\\Users\\user\\Stuent\\vendor\\laravel\\framework\\src\\Illuminate\\Foundation\\Console\\Kernel.php(523): Illuminate\\Foundation\\Exceptions\\Handler->report(Object(BadMethodCallException))
#6 C:\\Users\\user\\Stuent\\vendor\\laravel\\framework\\src\\Illuminate\\Foundation\\Console\\Kernel.php(203): Illuminate\\Foundation\\Console\\Kernel->reportException(Object(BadMethodCallException))
#7 C:\\Users\\user\\Stuent\\artisan(24): Illuminate\\Foundation\\Console\\Kernel->handle(Object(Symfony\\Component\\Console\\Input\\ArgvInput), Object(Symfony\\Component\\Console\\Output\\ConsoleOutput))
#8 {main}
"} 
[2025-11-14 14:08:26] laravel.ERROR: Method Illuminate\Foundation\Console\ClosureCommand::hourly does not exist. {"exception":"[object] (BadMethodCallException(code: 0): Method Illuminate\\Foundation\\Console\\ClosureCommand::hourly does not exist. at C:\\Users\\user\\Stuent\\vendor\\laravel\\framework\\src\\Illuminate\\Macroable\\Traits\\Macroable.php:112)
[stacktrace]
#0 C:\\Users\\user\\Stuent\\routes\\console.php(8): Illuminate\\Console\\Command->__call('hourly', Array)
#1 C:\\Users\\user\\Stuent\\app\\Console\\Kernel.php(23): require('C:\\\\Users\\\\user\\\\S...')
#2 C:\\Users\\user\\Stuent\\vendor\\laravel\\framework\\src\\Illuminate\\Foundation\\Console\\Kernel.php(453): App\\Console\\Kernel->commands()
#3 C:\\Users\\user\\Stuent\\vendor\\laravel\\framework\\src\\Illuminate\\Foundation\\Console\\Kernel.php(199): Illuminate\\Foundation\\Console\\Kernel->bootstrap()
#4 C:\\Users\\user\\Stuent\\artisan(24): Illuminate\\Foundation\\Console\\Kernel->handle(Object(Symfony\\Component\\Console\\Input\\ArgvInput), Object(Symfony\\Component\\Console\\Output\\ConsoleOutput))
#5 {main}
"} 
[2025-11-14 14:08:44] laravel.EMERGENCY: Unable to create configured logger. Using emergency logger. {"exception":"[object] (InvalidArgumentException(code: 0): Log [] is not defined. at C:\\Users\\user\\Stuent\\vendor\\laravel\\framework\\src\\Illuminate\\Log\\LogManager.php:212)
[stacktrace]
#0 C:\\Users\\user\\Stuent\\vendor\\laravel\\framework\\src\\Illuminate\\Log\\LogManager.php(137): Illuminate\\Log\\LogManager->resolve(NULL, NULL)
#1 C:\\Users\\user\\Stuent\\vendor\\laravel\\framework\\src\\Illuminate\\Log\\LogManager.php(124): Illuminate\\Log\\LogManager->get(NULL)
#2 C:\\Users\\user\\Stuent\\vendor\\laravel\\framework\\src\\Illuminate\\Log\\LogManager.php(681): Illuminate\\Log\\LogManager->driver()
#3 C:\\Users\\user\\Stuent\\vendor\\laravel\\framework\\src\\Illuminate\\Foundation\\Exceptions\\Handler.php(317): Illuminate\\Log\\LogManager->error('SQLSTATE[HY000]...', Array)
#4 C:\\Users\\user\\Stuent\\vendor\\laravel\\framework\\src\\Illuminate\\Foundation\\Exceptions\\Handler.php(278): Illuminate\\Foundation\\Exceptions\\Handler->reportThrowable(Object(Illuminate\\Database\\QueryException))
#5 C:\\Users\\user\\Stuent\\vendor\\laravel\\framework\\src\\Illuminate\\Foundation\\Console\\Kernel.php(523): Illuminate\\Foundation\\Exceptions\\Handler->report(Object(Illuminate\\Database\\QueryException))
#6 C:\\Users\\user\\Stuent\\vendor\\laravel\\framework\\src\\Illuminate\\Foundation\\Console\\Kernel.php(203): Illuminate\\Foundation\\Console\\Kernel->reportException(Object(Illuminate\\Database\\QueryException))
#7 C:\\Users\\user\\Stuent\\artisan(24): Illuminate\\Foundation\\Console\\Kernel->handle(Object(Symfony\\Component\\Console\\Input\\ArgvInput), Object(Symfony\\Component\\Console\\Output\\ConsoleOutput))
#8 {main}
"} 
[2025-11-14 14:08:44] laravel.ERROR: SQLSTATE[HY000] [1045] Access denied for user 'forge'@'localhost' (using password: NO) (Connection: mysql, SQL: select table_name as `name`, (data_length + index_length) as `size`, table_comment as `comment`, engine as `engine`, table_collation as `collation` from information_schema.tables where table_schema = 'forge' and table_type in ('BASE TABLE', 'SYSTEM VERSIONED') order by table_name) {"exception":"[object] (Illuminate\\Database\\QueryException(code: 1045): SQLSTATE[HY000] [1045] Access denied for user 'forge'@'localhost' (using password: NO) (Connection: mysql, SQL: select table_name as `name`, (data_length + index_length) as `size`, table_comment as `comment`, engine as `engine`, table_collation as `collation` from information_schema.tables where table_schema = 'forge' and table_type in ('BASE TABLE', 'SYSTEM VERSIONED') order by table_name) at C:\\Users\\user\\Stuent\\vendor\\laravel\\framework\\src\\Illuminate\\Database\\Connection.php:829)
[stacktrace]
#0 C:\\Users\\user\\Stuent\\vendor\\laravel\\framework\\src\\Illuminate\\Database\\Connection.php(783): Illuminate\\Database\\Connection->runQueryCallback('select table_na...', Array, Object(Closure))
#1 C:\\Users\\user\\Stuent\\vendor\\laravel\\framework\\src\\Illuminate\\Database\\Connection.php(414): Illuminate\\Database\\Connection->run('select table_na...', Array, Object(Closure))
#2 C:\\Users\\user\\Stuent\\vendor\\laravel\\framework\\src\\Illuminate\\Database\\Connection.php(401): Illuminate\\Database\\Connection->select('select table_na...', Array, false)
#3 C:\\Users\\user\\Stuent\\vendor\\laravel\\framework\\src\\Illuminate\\Database\\Schema\\MySqlBuilder.php(41): Illuminate\\Database\\Connection->selectFromWriteConnection('select table_na...')
#4 C:\\Users\\user\\Stuent\\vendor\\laravel\\framework\\src\\Illuminate\\Database\\Schema\\Builder.php(165): Illuminate\\Database\\Schema\\MySqlBuilder->getTables(false)
#5 C:\\Users\\user\\Stuent\\vendor\\laravel\\framework\\src\\Illuminate\\Database\\Migrations\\DatabaseMigrationRepository.php(184): Illuminate\\Database\\Schema\\Builder->hasTable('migrations')
#6 C:\\Users\\user\\Stuent\\vendor\\laravel\\framework\\src\\Illuminate\\Database\\Migrations\\Migrator.php(727): Illuminate\\Database\\Migrations\\DatabaseMigrationRepository->repositoryExists()
#7 C:\\Users\\user\\Stuent\\vendor\\laravel\\framework\\src\\Illuminate\\Database\\Console\\Migrations\\MigrateCommand.php(140): Illuminate\\Database\\Migrations\\Migrator->repositoryExists()
#8 C:\\Users\\user\\Stuent\\vendor\\laravel\\framework\\src\\Illuminate\\Support\\helpers.php(261): Illuminate\\Database\\Console\\Migrations\\MigrateCommand->Illuminate\\Database\\Console\\Migrations\\{closure}(1)
#9 C:\\Users\\user\\Stuent\\vendor\\laravel\\framework\\src\\Illuminate\\Database\\Console\\Migrations\\MigrateCommand.php(140): retry(1, Object(Closure), 0, Object(Closure))
#10 C:\\Users\\user\\Stuent\\vendor\\laravel\\framework\\src\\Illuminate\\Database\\Console\\Migrations\\MigrateCommand.php(116): Illuminate\\Database\\Console\\Migrations\\MigrateCommand->repositoryExists()
#11 C:\\Users\\user\\Stuent\\vendor\\laravel\\framework\\src\\Illuminate\\Database\\Console\\Migrations\\MigrateCommand.php(84): Illuminate\\Database\\Console\\Migrations\\MigrateCommand->prepareDatabase()
#12 C:\\Users\\user\\Stuent\\vendor\\laravel\\framework\\src\\Illuminate\\Database\\Migrations\\Migrator.php(641): Illuminate\\Database\\Console\\Migrations\\MigrateCommand->Illuminate\\Database\\Console\\Migrations\\{closure}()
#13 C:\\Users\\user\\Stuent\\vendor\\laravel\\framework\\src\\Illuminate\\Database\\Console\\Migrations\\MigrateCommand.php(83): Illuminate\\Database\\Migrations\\Migrator->usingConnection(NULL, Object(Closure))
#14 C:\\Users\\user\\Stuent\\vendor\\laravel\\framework\\src\\Illuminate\\Container\\BoundMethod.php(36): Illuminate\\Database\\Console\\Migrations\\MigrateCommand->handle()
#15 C:\\Users\\user\\Stuent\\vendor\\laravel\\framework\\src\\Illuminate\\Container\\Util.php(41): Illuminate\\Container\\BoundMethod::Illuminate\\Container\\{closure}()
#16 C:\\Users\\user\\Stuent\\vendor\\laravel\\framework\\src\\Illuminate\\Container\\BoundMethod.php(93): Illuminate\\Container\\Util::unwrapIfClosure(Object(Closure))
#17 C:\\Users\\user\\Stuent\\vendor\\laravel\\framework\\src\\Illuminate\\Container\\BoundMethod.php(35): Illuminate\\Container\\BoundMethod::callBoundMethod(Object(Illuminate\\Foundation\\Application), Array, Object(Closure))
#18 C:\\Users\\user\\Stuent\\vendor\\laravel\\framework\\src\\Illuminate\\Container\\Container.php(662): Illuminate\\Container\\BoundMethod::call(Object(Illuminate\\Foundation\\Application), Array, Array, NULL)
#19 C:\\Users\\user\\Stuent\\vendor\\laravel\\framework\\src\\Illuminate\\Console\\Command.php(211): Illuminate\\Container\\Container->call(Array)
#20 C:\\Users\\user\\Stuent\\vendor\\symfony\\console\\Command\\Command.php(326): Illuminate\\Console\\Command->execute(Object(Symfony\\Component\\Console\\Input\\ArgvInput), Object(Illuminate\\Console\\OutputStyle))
#21 C:\\Users\\user\\Stuent\\vendor\\laravel\\framework\\src\\Illuminate\\Console\\Command.php(180): Symfony\\Component\\Console\\Command\\Command->run(Object(Symfony\\Component\\Console\\Input\\ArgvInput), Object(Illuminate\\Console\\OutputStyle))
#22 C:\\Users\\user\\Stuent\\vendor\\symfony\\console\\Application.php(1088): Illuminate\\Console\\Command->run(Object(Symfony\\Component\\Console\\Input\\ArgvInput), Object(Symfony\\Component\\Console\\Output\\ConsoleOutput))
#23 C:\\Users\\user\\Stuent\\vendor\\symfony\\console\\Application.php(324): Symfony\\Component\\Console\\Application->doRunCommand(Object(Illuminate\\Database\\Console\\Migrations\\MigrateCommand), Object(Symfony\\Component\\Console\\Input\\ArgvInput), Object(Symfony\\Component\\Console\\Output\\ConsoleOutput))
#24 C:\\Users\\user\\Stuent\\vendor\\symfony\\console\\Application.php(175): Symfony\\Component\\Console\\Application->doRun(Object(Symfony\\Component\\Console\\Input\\ArgvInput), Object(Symfony\\Component\\Console\\Output\\ConsoleOutput))
#25 C:\\Users\\user\\Stuent\\vendor\\laravel\\framework\\src\\Illuminate\\Foundation\\Console\\Kernel.php(201): Symfony\\Component\\Console\\Application->run(Object(Symfony\\Component\\Console\\Input\\ArgvInput), Object(Symfony\\Component\\Console\\Output\\ConsoleOutput))
#26 C:\\Users\\user\\Stuent\\artisan(24): Illuminate\\Foundation\\Console\\Kernel->handle(Object(Symfony\\Component\\Console\\Input\\ArgvInput), Object(Symfony\\Component\\Console\\Output\\ConsoleOutput))
#27 {main}

[previous exception] [object] (PDOException(code: 1045): SQLSTATE[HY000] [1045] Access denied for user 'forge'@'localhost' (using password: NO) at C:\\Users\\user\\Stuent\\vendor\\laravel\\framework\\src\\Illuminate\\Database\\Connectors\\Connector.php:65)
[stacktrace]
#0 C:\\Users\\user\\Stuent\\vendor\\laravel\\framework\\src\\Illuminate\\Database\\Connectors\\Connector.php(65): PDO->__construct('mysql:host=127....', 'forge', Object(SensitiveParameterValue), Array)
#1 C:\\Users\\user\\Stuent\\vendor\\laravel\\framework\\src\\Illuminate\\Database\\Connectors\\Connector.php(44): Illuminate\\Database\\Connectors\\Connector->createPdoConnection('mysql:host=127....', 'forge', '', Array)
#2 C:\\Users\\user\\Stuent\\vendor\\laravel\\framework\\src\\Illuminate\\Database\\Connectors\\MySqlConnector.php(24): Illuminate\\Database\\Connectors\\Connector->createConnection('mysql:host=127....', Array, Array)
#3 C:\\Users\\user\\Stuent\\vendor\\laravel\\framework\\src\\Illuminate\\Database\\Connectors\\ConnectionFactory.php(184): Illuminate\\Database\\Connectors\\MySqlConnector->connect(Array)
#4 [internal function]: Illuminate\\Database\\Connectors\\ConnectionFactory->Illuminate\\Database\\Connectors\\{closure}()
#5 C:\\Users\\user\\Stuent\\vendor\\laravel\\framework\\src\\Illuminate\\Database\\Connection.php(1339): call_user_func(Object(Closure))
#6 C:\\Users\\user\\Stuent\\vendor\\laravel\\framework\\src\\Illuminate\\Database\\Connection.php(528): Illuminate\\Database\\Connection->getPdo()
#7 C:\\Users\\user\\Stuent\\vendor\\laravel\\framework\\src\\Illuminate\\Database\\Connection.php(423): Illuminate\\Database\\Connection->getPdoForSelect(false)
#8 C:\\Users\\user\\Stuent\\vendor\\laravel\\framework\\src\\Illuminate\\Database\\Connection.php(816): Illuminate\\Database\\Connection->Illuminate\\Database\\{closure}('select table_na...', Array)
#9 C:\\Users\\user\\Stuent\\vendor\\laravel\\framework\\src\\Illuminate\\Database\\Connection.php(783): Illuminate\\Database\\Connection->runQueryCallback('select table_na...', Array, Object(Closure))
#10 C:\\Users\\user\\Stuent\\vendor\\laravel\\framework\\src\\Illuminate\\Database\\Connection.php(414): Illuminate\\Database\\Connection->run('select table_na...', Array, Object(Closure))
#11 C:\\Users\\user\\Stuent\\vendor\\laravel\\framework\\src\\Illuminate\\Database\\Connection.php(401): Illuminate\\Database\\Connection->select('select table_na...', Array, false)
#12 C:\\Users\\user\\Stuent\\vendor\\laravel\\framework\\src\\Illuminate\\Database\\Schema\\MySqlBuilder.php(41): Illuminate\\Database\\Connection->selectFromWriteConnection('select table_na...')
#13 C:\\Users\\user\\Stuent\\vendor\\laravel\\framework\\src\\Illuminate\\Database\\Schema\\Builder.php(165): Illuminate\\Database\\Schema\\MySqlBuilder->getTables(false)
#14 C:\\Users\\user\\Stuent\\vendor\\laravel\\framework\\src\\Illuminate\\Database\\Migrations\\DatabaseMigrationRepository.php(184): Illuminate\\Database\\Schema\\Builder->hasTable('migrations')
#15 C:\\Users\\user\\Stuent\\vendor\\laravel\\framework\\src\\Illuminate\\Database\\Migrations\\Migrator.php(727): Illuminate\\Database\\Migrations\\DatabaseMigrationRepository->repositoryExists()
#16 C:\\Users\\user\\Stuent\\vendor\\laravel\\framework\\src\\Illuminate\\Database\\Console\\Migrations\\MigrateCommand.php(140): Illuminate\\Database\\Migrations\\Migrator->repositoryExists()
#17 C:\\Users\\user\\Stuent\\vendor\\laravel\\framework\\src\\Illuminate\\Support\\helpers.php(261): Illuminate\\Database\\Console\\Migrations\\MigrateCommand->Illuminate\\Database\\Console\\Migrations\\{closure}(1)
#18 C:\\Users\\user\\Stuent\\vendor\\laravel\\framework\\src\\Illuminate\\Database\\Console\\Migrations\\MigrateCommand.php(140): retry(1, Object(Closure), 0, Object(Closure))
#19 C:\\Users\\user\\Stuent\\vendor\\laravel\\framework\\src\\Illuminate\\Database\\Console\\Migrations\\MigrateCommand.php(116): Illuminate\\Database\\Console\\Migrations\\MigrateCommand->repositoryExists()
#20 C:\\Users\\user\\Stuent\\vendor\\laravel\\framework\\src\\Illuminate\\Database\\Console\\Migrations\\MigrateCommand.php(84): Illuminate\\Database\\Console\\Migrations\\MigrateCommand->prepareDatabase()
#21 C:\\Users\\user\\Stuent\\vendor\\laravel\\framework\\src\\Illuminate\\Database\\Migrations\\Migrator.php(641): Illuminate\\Database\\Console\\Migrations\\MigrateCommand->Illuminate\\Database\\Console\\Migrations\\{closure}()
#22 C:\\Users\\user\\Stuent\\vendor\\laravel\\framework\\src\\Illuminate\\Database\\Console\\Migrations\\MigrateCommand.php(83): Illuminate\\Database\\Migrations\\Migrator->usingConnection(NULL, Object(Closure))
#23 C:\\Users\\user\\Stuent\\vendor\\laravel\\framework\\src\\Illuminate\\Container\\BoundMethod.php(36): Illuminate\\Database\\Console\\Migrations\\MigrateCommand->handle()
#24 C:\\Users\\user\\Stuent\\vendor\\laravel\\framework\\src\\Illuminate\\Container\\Util.php(41): Illuminate\\Container\\BoundMethod::Illuminate\\Container\\{closure}()
#25 C:\\Users\\user\\Stuent\\vendor\\laravel\\framework\\src\\Illuminate\\Container\\BoundMethod.php(93): Illuminate\\Container\\Util::unwrapIfClosure(Object(Closure))
#26 C:\\Users\\user\\Stuent\\vendor\\laravel\\framework\\src\\Illuminate\\Container\\BoundMethod.php(35): Illuminate\\Container\\BoundMethod::callBoundMethod(Object(Illuminate\\Foundation\\Application), Array, Object(Closure))
#27 C:\\Users\\user\\Stuent\\vendor\\laravel\\framework\\src\\Illuminate\\Container\\Container.php(662): Illuminate\\Container\\BoundMethod::call(Object(Illuminate\\Foundation\\Application), Array, Array, NULL)
#28 C:\\Users\\user\\Stuent\\vendor\\laravel\\framework\\src\\Illuminate\\Console\\Command.php(211): Illuminate\\Container\\Container->call(Array)
#29 C:\\Users\\user\\Stuent\\vendor\\symfony\\console\\Command\\Command.php(326): Illuminate\\Console\\Command->execute(Object(Symfony\\Component\\Console\\Input\\ArgvInput), Object(Illuminate\\Console\\OutputStyle))
#30 C:\\Users\\user\\Stuent\\vendor\\laravel\\framework\\src\\Illuminate\\Console\\Command.php(180): Symfony\\Component\\Console\\Command\\Command->run(Object(Symfony\\Component\\Console\\Input\\ArgvInput), Object(Illuminate\\Console\\OutputStyle))
#31 C:\\Users\\user\\Stuent\\vendor\\symfony\\console\\Application.php(1088): Illuminate\\Console\\Command->run(Object(Symfony\\Component\\Console\\Input\\ArgvInput), Object(Symfony\\Component\\Console\\Output\\ConsoleOutput))
#32 C:\\Users\\user\\Stuent\\vendor\\symfony\\console\\Application.php(324): Symfony\\Component\\Console\\Application->doRunCommand(Object(Illuminate\\Database\\Console\\Migrations\\MigrateCommand), Object(Symfony\\Component\\Console\\Input\\ArgvInput), Object(Symfony\\Component\\Console\\Output\\ConsoleOutput))
#33 C:\\Users\\user\\Stuent\\vendor\\symfony\\console\\Application.php(175): Symfony\\Component\\Console\\Application->doRun(Object(Symfony\\Component\\Console\\Input\\ArgvInput), Object(Symfony\\Component\\Console\\Output\\ConsoleOutput))
#34 C:\\Users\\user\\Stuent\\vendor\\laravel\\framework\\src\\Illuminate\\Foundation\\Console\\Kernel.php(201): Symfony\\Component\\Console\\Application->run(Object(Symfony\\Component\\Console\\Input\\ArgvInput), Object(Symfony\\Component\\Console\\Output\\ConsoleOutput))
#35 C:\\Users\\user\\Stuent\\artisan(24): Illuminate\\Foundation\\Console\\Kernel->handle(Object(Symfony\\Component\\Console\\Input\\ArgvInput), Object(Symfony\\Component\\Console\\Output\\ConsoleOutput))
#36 {main}
"} 
[2025-11-14 14:09:41] laravel.EMERGENCY: Unable to create configured logger. Using emergency logger. {"exception":"[object] (InvalidArgumentException(code: 0): Log [] is not defined. at C:\\Users\\user\\Stuent\\vendor\\laravel\\framework\\src\\Illuminate\\Log\\LogManager.php:212)
[stacktrace]
#0 C:\\Users\\user\\Stuent\\vendor\\laravel\\framework\\src\\Illuminate\\Log\\LogManager.php(137): Illuminate\\Log\\LogManager->resolve(NULL, NULL)
#1 C:\\Users\\user\\Stuent\\vendor\\laravel\\framework\\src\\Illuminate\\Log\\LogManager.php(124): Illuminate\\Log\\LogManager->get(NULL)
#2 C:\\Users\\user\\Stuent\\vendor\\laravel\\framework\\src\\Illuminate\\Log\\LogManager.php(681): Illuminate\\Log\\LogManager->driver()
#3 C:\\Users\\user\\Stuent\\vendor\\laravel\\framework\\src\\Illuminate\\Foundation\\Exceptions\\Handler.php(317): Illuminate\\Log\\LogManager->error('SQLSTATE[HY000]...', Array)
#4 C:\\Users\\user\\Stuent\\vendor\\laravel\\framework\\src\\Illuminate\\Foundation\\Exceptions\\Handler.php(278): Illuminate\\Foundation\\Exceptions\\Handler->reportThrowable(Object(Illuminate\\Database\\QueryException))
#5 C:\\Users\\user\\Stuent\\vendor\\laravel\\framework\\src\\Illuminate\\Foundation\\Console\\Kernel.php(523): Illuminate\\Foundation\\Exceptions\\Handler->report(Object(Illuminate\\Database\\QueryException))
#6 C:\\Users\\user\\Stuent\\vendor\\laravel\\framework\\src\\Illuminate\\Foundation\\Console\\Kernel.php(203): Illuminate\\Foundation\\Console\\Kernel->reportException(Object(Illuminate\\Database\\QueryException))
#7 C:\\Users\\user\\Stuent\\artisan(24): Illuminate\\Foundation\\Console\\Kernel->handle(Object(Symfony\\Component\\Console\\Input\\ArgvInput), Object(Symfony\\Component\\Console\\Output\\ConsoleOutput))
#8 {main}
"} 
[2025-11-14 14:09:41] laravel.ERROR: SQLSTATE[HY000] [1049] Unknown database 'aiwa_farm' (Connection: mysql, SQL: select table_name as `name`, (data_length + index_length) as `size`, table_comment as `comment`, engine as `engine`, table_collation as `collation` from information_schema.tables where table_schema = 'aiwa_farm' and table_type in ('BASE TABLE', 'SYSTEM VERSIONED') order by table_name) {"exception":"[object] (Illuminate\\Database\\QueryException(code: 1049): SQLSTATE[HY000] [1049] Unknown database 'aiwa_farm' (Connection: mysql, SQL: select table_name as `name`, (data_length + index_length) as `size`, table_comment as `comment`, engine as `engine`, table_collation as `collation` from information_schema.tables where table_schema = 'aiwa_farm' and table_type in ('BASE TABLE', 'SYSTEM VERSIONED') order by table_name) at C:\\Users\\user\\Stuent\\vendor\\laravel\\framework\\src\\Illuminate\\Database\\Connection.php:829)
[stacktrace]
#0 C:\\Users\\user\\Stuent\\vendor\\laravel\\framework\\src\\Illuminate\\Database\\Connection.php(783): Illuminate\\Database\\Connection->runQueryCallback('select table_na...', Array, Object(Closure))
#1 C:\\Users\\user\\Stuent\\vendor\\laravel\\framework\\src\\Illuminate\\Database\\Connection.php(414): Illuminate\\Database\\Connection->run('select table_na...', Array, Object(Closure))
#2 C:\\Users\\user\\Stuent\\vendor\\laravel\\framework\\src\\Illuminate\\Database\\Connection.php(401): Illuminate\\Database\\Connection->select('select table_na...', Array, false)
#3 C:\\Users\\user\\Stuent\\vendor\\laravel\\framework\\src\\Illuminate\\Database\\Schema\\MySqlBuilder.php(41): Illuminate\\Database\\Connection->selectFromWriteConnection('select table_na...')
#4 C:\\Users\\user\\Stuent\\vendor\\laravel\\framework\\src\\Illuminate\\Database\\Schema\\Builder.php(165): Illuminate\\Database\\Schema\\MySqlBuilder->getTables(false)
#5 C:\\Users\\user\\Stuent\\vendor\\laravel\\framework\\src\\Illuminate\\Database\\Migrations\\DatabaseMigrationRepository.php(184): Illuminate\\Database\\Schema\\Builder->hasTable('migrations')
#6 C:\\Users\\user\\Stuent\\vendor\\laravel\\framework\\src\\Illuminate\\Database\\Migrations\\Migrator.php(727): Illuminate\\Database\\Migrations\\DatabaseMigrationRepository->repositoryExists()
#7 C:\\Users\\user\\Stuent\\vendor\\laravel\\framework\\src\\Illuminate\\Database\\Console\\Migrations\\MigrateCommand.php(140): Illuminate\\Database\\Migrations\\Migrator->repositoryExists()
#8 C:\\Users\\user\\Stuent\\vendor\\laravel\\framework\\src\\Illuminate\\Support\\helpers.php(261): Illuminate\\Database\\Console\\Migrations\\MigrateCommand->Illuminate\\Database\\Console\\Migrations\\{closure}(1)
#9 C:\\Users\\user\\Stuent\\vendor\\laravel\\framework\\src\\Illuminate\\Database\\Console\\Migrations\\MigrateCommand.php(140): retry(1, Object(Closure), 0, Object(Closure))
#10 C:\\Users\\user\\Stuent\\vendor\\laravel\\framework\\src\\Illuminate\\Database\\Console\\Migrations\\MigrateCommand.php(116): Illuminate\\Database\\Console\\Migrations\\MigrateCommand->repositoryExists()
#11 C:\\Users\\user\\Stuent\\vendor\\laravel\\framework\\src\\Illuminate\\Database\\Console\\Migrations\\MigrateCommand.php(84): Illuminate\\Database\\Console\\Migrations\\MigrateCommand->prepareDatabase()
#12 C:\\Users\\user\\Stuent\\vendor\\laravel\\framework\\src\\Illuminate\\Database\\Migrations\\Migrator.php(641): Illuminate\\Database\\Console\\Migrations\\MigrateCommand->Illuminate\\Database\\Console\\Migrations\\{closure}()
#13 C:\\Users\\user\\Stuent\\vendor\\laravel\\framework\\src\\Illuminate\\Database\\Console\\Migrations\\MigrateCommand.php(83): Illuminate\\Database\\Migrations\\Migrator->usingConnection(NULL, Object(Closure))
#14 C:\\Users\\user\\Stuent\\vendor\\laravel\\framework\\src\\Illuminate\\Container\\BoundMethod.php(36): Illuminate\\Database\\Console\\Migrations\\MigrateCommand->handle()
#15 C:\\Users\\user\\Stuent\\vendor\\laravel\\framework\\src\\Illuminate\\Container\\Util.php(41): Illuminate\\Container\\BoundMethod::Illuminate\\Container\\{closure}()
#16 C:\\Users\\user\\Stuent\\vendor\\laravel\\framework\\src\\Illuminate\\Container\\BoundMethod.php(93): Illuminate\\Container\\Util::unwrapIfClosure(Object(Closure))
#17 C:\\Users\\user\\Stuent\\vendor\\laravel\\framework\\src\\Illuminate\\Container\\BoundMethod.php(35): Illuminate\\Container\\BoundMethod::callBoundMethod(Object(Illuminate\\Foundation\\Application), Array, Object(Closure))
#18 C:\\Users\\user\\Stuent\\vendor\\laravel\\framework\\src\\Illuminate\\Container\\Container.php(662): Illuminate\\Container\\BoundMethod::call(Object(Illuminate\\Foundation\\Application), Array, Array, NULL)
#19 C:\\Users\\user\\Stuent\\vendor\\laravel\\framework\\src\\Illuminate\\Console\\Command.php(211): Illuminate\\Container\\Container->call(Array)
#20 C:\\Users\\user\\Stuent\\vendor\\symfony\\console\\Command\\Command.php(326): Illuminate\\Console\\Command->execute(Object(Symfony\\Component\\Console\\Input\\ArgvInput), Object(Illuminate\\Console\\OutputStyle))
#21 C:\\Users\\user\\Stuent\\vendor\\laravel\\framework\\src\\Illuminate\\Console\\Command.php(180): Symfony\\Component\\Console\\Command\\Command->run(Object(Symfony\\Component\\Console\\Input\\ArgvInput), Object(Illuminate\\Console\\OutputStyle))
#22 C:\\Users\\user\\Stuent\\vendor\\symfony\\console\\Application.php(1088): Illuminate\\Console\\Command->run(Object(Symfony\\Component\\Console\\Input\\ArgvInput), Object(Symfony\\Component\\Console\\Output\\ConsoleOutput))
#23 C:\\Users\\user\\Stuent\\vendor\\symfony\\console\\Application.php(324): Symfony\\Component\\Console\\Application->doRunCommand(Object(Illuminate\\Database\\Console\\Migrations\\MigrateCommand), Object(Symfony\\Component\\Console\\Input\\ArgvInput), Object(Symfony\\Component\\Console\\Output\\ConsoleOutput))
#24 C:\\Users\\user\\Stuent\\vendor\\symfony\\console\\Application.php(175): Symfony\\Component\\Console\\Application->doRun(Object(Symfony\\Component\\Console\\Input\\ArgvInput), Object(Symfony\\Component\\Console\\Output\\ConsoleOutput))
#25 C:\\Users\\user\\Stuent\\vendor\\laravel\\framework\\src\\Illuminate\\Foundation\\Console\\Kernel.php(201): Symfony\\Component\\Console\\Application->run(Object(Symfony\\Component\\Console\\Input\\ArgvInput), Object(Symfony\\Component\\Console\\Output\\ConsoleOutput))
#26 C:\\Users\\user\\Stuent\\artisan(24): Illuminate\\Foundation\\Console\\Kernel->handle(Object(Symfony\\Component\\Console\\Input\\ArgvInput), Object(Symfony\\Component\\Console\\Output\\ConsoleOutput))
#27 {main}

[previous exception] [object] (PDOException(code: 1049): SQLSTATE[HY000] [1049] Unknown database 'aiwa_farm' at C:\\Users\\user\\Stuent\\vendor\\laravel\\framework\\src\\Illuminate\\Database\\Connectors\\Connector.php:65)
[stacktrace]
#0 C:\\Users\\user\\Stuent\\vendor\\laravel\\framework\\src\\Illuminate\\Database\\Connectors\\Connector.php(65): PDO->__construct('mysql:host=127....', 'root', Object(SensitiveParameterValue), Array)
#1 C:\\Users\\user\\Stuent\\vendor\\laravel\\framework\\src\\Illuminate\\Database\\Connectors\\Connector.php(44): Illuminate\\Database\\Connectors\\Connector->createPdoConnection('mysql:host=127....', 'root', '', Array)
#2 C:\\Users\\user\\Stuent\\vendor\\laravel\\framework\\src\\Illuminate\\Database\\Connectors\\MySqlConnector.php(24): Illuminate\\Database\\Connectors\\Connector->createConnection('mysql:host=127....', Array, Array)
#3 C:\\Users\\user\\Stuent\\vendor\\laravel\\framework\\src\\Illuminate\\Database\\Connectors\\ConnectionFactory.php(184): Illuminate\\Database\\Connectors\\MySqlConnector->connect(Array)
#4 [internal function]: Illuminate\\Database\\Connectors\\ConnectionFactory->Illuminate\\Database\\Connectors\\{closure}()
#5 C:\\Users\\user\\Stuent\\vendor\\laravel\\framework\\src\\Illuminate\\Database\\Connection.php(1339): call_user_func(Object(Closure))
#6 C:\\Users\\user\\Stuent\\vendor\\laravel\\framework\\src\\Illuminate\\Database\\Connection.php(528): Illuminate\\Database\\Connection->getPdo()
#7 C:\\Users\\user\\Stuent\\vendor\\laravel\\framework\\src\\Illuminate\\Database\\Connection.php(423): Illuminate\\Database\\Connection->getPdoForSelect(false)
#8 C:\\Users\\user\\Stuent\\vendor\\laravel\\framework\\src\\Illuminate\\Database\\Connection.php(816): Illuminate\\Database\\Connection->Illuminate\\Database\\{closure}('select table_na...', Array)
#9 C:\\Users\\user\\Stuent\\vendor\\laravel\\framework\\src\\Illuminate\\Database\\Connection.php(783): Illuminate\\Database\\Connection->runQueryCallback('select table_na...', Array, Object(Closure))
#10 C:\\Users\\user\\Stuent\\vendor\\laravel\\framework\\src\\Illuminate\\Database\\Connection.php(414): Illuminate\\Database\\Connection->run('select table_na...', Array, Object(Closure))
#11 C:\\Users\\user\\Stuent\\vendor\\laravel\\framework\\src\\Illuminate\\Database\\Connection.php(401): Illuminate\\Database\\Connection->select('select table_na...', Array, false)
#12 C:\\Users\\user\\Stuent\\vendor\\laravel\\framework\\src\\Illuminate\\Database\\Schema\\MySqlBuilder.php(41): Illuminate\\Database\\Connection->selectFromWriteConnection('select table_na...')
#13 C:\\Users\\user\\Stuent\\vendor\\laravel\\framework\\src\\Illuminate\\Database\\Schema\\Builder.php(165): Illuminate\\Database\\Schema\\MySqlBuilder->getTables(false)
#14 C:\\Users\\user\\Stuent\\vendor\\laravel\\framework\\src\\Illuminate\\Database\\Migrations\\DatabaseMigrationRepository.php(184): Illuminate\\Database\\Schema\\Builder->hasTable('migrations')
#15 C:\\Users\\user\\Stuent\\vendor\\laravel\\framework\\src\\Illuminate\\Database\\Migrations\\Migrator.php(727): Illuminate\\Database\\Migrations\\DatabaseMigrationRepository->repositoryExists()
#16 C:\\Users\\user\\Stuent\\vendor\\laravel\\framework\\src\\Illuminate\\Database\\Console\\Migrations\\MigrateCommand.php(140): Illuminate\\Database\\Migrations\\Migrator->repositoryExists()
#17 C:\\Users\\user\\Stuent\\vendor\\laravel\\framework\\src\\Illuminate\\Support\\helpers.php(261): Illuminate\\Database\\Console\\Migrations\\MigrateCommand->Illuminate\\Database\\Console\\Migrations\\{closure}(1)
#18 C:\\Users\\user\\Stuent\\vendor\\laravel\\framework\\src\\Illuminate\\Database\\Console\\Migrations\\MigrateCommand.php(140): retry(1, Object(Closure), 0, Object(Closure))
#19 C:\\Users\\user\\Stuent\\vendor\\laravel\\framework\\src\\Illuminate\\Database\\Console\\Migrations\\MigrateCommand.php(116): Illuminate\\Database\\Console\\Migrations\\MigrateCommand->repositoryExists()
#20 C:\\Users\\user\\Stuent\\vendor\\laravel\\framework\\src\\Illuminate\\Database\\Console\\Migrations\\MigrateCommand.php(84): Illuminate\\Database\\Console\\Migrations\\MigrateCommand->prepareDatabase()
#21 C:\\Users\\user\\Stuent\\vendor\\laravel\\framework\\src\\Illuminate\\Database\\Migrations\\Migrator.php(641): Illuminate\\Database\\Console\\Migrations\\MigrateCommand->Illuminate\\Database\\Console\\Migrations\\{closure}()
#22 C:\\Users\\user\\Stuent\\vendor\\laravel\\framework\\src\\Illuminate\\Database\\Console\\Migrations\\MigrateCommand.php(83): Illuminate\\Database\\Migrations\\Migrator->usingConnection(NULL, Object(Closure))
#23 C:\\Users\\user\\Stuent\\vendor\\laravel\\framework\\src\\Illuminate\\Container\\BoundMethod.php(36): Illuminate\\Database\\Console\\Migrations\\MigrateCommand->handle()
#24 C:\\Users\\user\\Stuent\\vendor\\laravel\\framework\\src\\Illuminate\\Container\\Util.php(41): Illuminate\\Container\\BoundMethod::Illuminate\\Container\\{closure}()
#25 C:\\Users\\user\\Stuent\\vendor\\laravel\\framework\\src\\Illuminate\\Container\\BoundMethod.php(93): Illuminate\\Container\\Util::unwrapIfClosure(Object(Closure))
#26 C:\\Users\\user\\Stuent\\vendor\\laravel\\framework\\src\\Illuminate\\Container\\BoundMethod.php(35): Illuminate\\Container\\BoundMethod::callBoundMethod(Object(Illuminate\\Foundation\\Application), Array, Object(Closure))
#27 C:\\Users\\user\\Stuent\\vendor\\laravel\\framework\\src\\Illuminate\\Container\\Container.php(662): Illuminate\\Container\\BoundMethod::call(Object(Illuminate\\Foundation\\Application), Array, Array, NULL)
#28 C:\\Users\\user\\Stuent\\vendor\\laravel\\framework\\src\\Illuminate\\Console\\Command.php(211): Illuminate\\Container\\Container->call(Array)
#29 C:\\Users\\user\\Stuent\\vendor\\symfony\\console\\Command\\Command.php(326): Illuminate\\Console\\Command->execute(Object(Symfony\\Component\\Console\\Input\\ArgvInput), Object(Illuminate\\Console\\OutputStyle))
#30 C:\\Users\\user\\Stuent\\vendor\\laravel\\framework\\src\\Illuminate\\Console\\Command.php(180): Symfony\\Component\\Console\\Command\\Command->run(Object(Symfony\\Component\\Console\\Input\\ArgvInput), Object(Illuminate\\Console\\OutputStyle))
#31 C:\\Users\\user\\Stuent\\vendor\\symfony\\console\\Application.php(1088): Illuminate\\Console\\Command->run(Object(Symfony\\Component\\Console\\Input\\ArgvInput), Object(Symfony\\Component\\Console\\Output\\ConsoleOutput))
#32 C:\\Users\\user\\Stuent\\vendor\\symfony\\console\\Application.php(324): Symfony\\Component\\Console\\Application->doRunCommand(Object(Illuminate\\Database\\Console\\Migrations\\MigrateCommand), Object(Symfony\\Component\\Console\\Input\\ArgvInput), Object(Symfony\\Component\\Console\\Output\\ConsoleOutput))
#33 C:\\Users\\user\\Stuent\\vendor\\symfony\\console\\Application.php(175): Symfony\\Component\\Console\\Application->doRun(Object(Symfony\\Component\\Console\\Input\\ArgvInput), Object(Symfony\\Component\\Console\\Output\\ConsoleOutput))
#34 C:\\Users\\user\\Stuent\\vendor\\laravel\\framework\\src\\Illuminate\\Foundation\\Console\\Kernel.php(201): Symfony\\Component\\Console\\Application->run(Object(Symfony\\Component\\Console\\Input\\ArgvInput), Object(Symfony\\Component\\Console\\Output\\ConsoleOutput))
#35 C:\\Users\\user\\Stuent\\artisan(24): Illuminate\\Foundation\\Console\\Kernel->handle(Object(Symfony\\Component\\Console\\Input\\ArgvInput), Object(Symfony\\Component\\Console\\Output\\ConsoleOutput))
#36 {main}
"} 
[2025-11-14 14:28:06] laravel.EMERGENCY: Unable to create configured logger. Using emergency logger. {"exception":"[object] (InvalidArgumentException(code: 0): Log [] is not defined. at C:\\Users\\user\\Stuent\\vendor\\laravel\\framework\\src\\Illuminate\\Log\\LogManager.php:212)
[stacktrace]
#0 C:\\Users\\user\\Stuent\\vendor\\laravel\\framework\\src\\Illuminate\\Log\\LogManager.php(137): Illuminate\\Log\\LogManager->resolve(NULL, NULL)
#1 C:\\Users\\user\\Stuent\\vendor\\laravel\\framework\\src\\Illuminate\\Log\\LogManager.php(124): Illuminate\\Log\\LogManager->get(NULL)
#2 C:\\Users\\user\\Stuent\\vendor\\laravel\\framework\\src\\Illuminate\\Log\\LogManager.php(681): Illuminate\\Log\\LogManager->driver()
#3 C:\\Users\\user\\Stuent\\vendor\\laravel\\framework\\src\\Illuminate\\Foundation\\Exceptions\\Handler.php(317): Illuminate\\Log\\LogManager->error('SQLSTATE[HY000]...', Array)
#4 C:\\Users\\user\\Stuent\\vendor\\laravel\\framework\\src\\Illuminate\\Foundation\\Exceptions\\Handler.php(278): Illuminate\\Foundation\\Exceptions\\Handler->reportThrowable(Object(Illuminate\\Database\\QueryException))
#5 C:\\Users\\user\\Stuent\\vendor\\laravel\\framework\\src\\Illuminate\\Foundation\\Console\\Kernel.php(523): Illuminate\\Foundation\\Exceptions\\Handler->report(Object(Illuminate\\Database\\QueryException))
#6 C:\\Users\\user\\Stuent\\vendor\\laravel\\framework\\src\\Illuminate\\Foundation\\Console\\Kernel.php(203): Illuminate\\Foundation\\Console\\Kernel->reportException(Object(Illuminate\\Database\\QueryException))
#7 C:\\Users\\user\\Stuent\\artisan(24): Illuminate\\Foundation\\Console\\Kernel->handle(Object(Symfony\\Component\\Console\\Input\\ArgvInput), Object(Symfony\\Component\\Console\\Output\\ConsoleOutput))
#8 {main}
"} 
[2025-11-14 14:28:06] laravel.ERROR: SQLSTATE[HY000] [2002] No connection could be made because the target machine actively refused it (Connection: mysql, SQL: select table_name as `name`, (data_length + index_length) as `size`, table_comment as `comment`, engine as `engine`, table_collation as `collation` from information_schema.tables where table_schema = 'aiwa_farm' and table_type in ('BASE TABLE', 'SYSTEM VERSIONED') order by table_name) {"exception":"[object] (Illuminate\\Database\\QueryException(code: 2002): SQLSTATE[HY000] [2002] No connection could be made because the target machine actively refused it (Connection: mysql, SQL: select table_name as `name`, (data_length + index_length) as `size`, table_comment as `comment`, engine as `engine`, table_collation as `collation` from information_schema.tables where table_schema = 'aiwa_farm' and table_type in ('BASE TABLE', 'SYSTEM VERSIONED') order by table_name) at C:\\Users\\user\\Stuent\\vendor\\laravel\\framework\\src\\Illuminate\\Database\\Connection.php:829)
[stacktrace]
#0 C:\\Users\\user\\Stuent\\vendor\\laravel\\framework\\src\\Illuminate\\Database\\Connection.php(983): Illuminate\\Database\\Connection->runQueryCallback('select table_na...', Array, Object(Closure))
#1 C:\\Users\\user\\Stuent\\vendor\\laravel\\framework\\src\\Illuminate\\Database\\Connection.php(962): Illuminate\\Database\\Connection->tryAgainIfCausedByLostConnection(Object(Illuminate\\Database\\QueryException), 'select table_na...', Array, Object(Closure))
#2 C:\\Users\\user\\Stuent\\vendor\\laravel\\framework\\src\\Illuminate\\Database\\Connection.php(785): Illuminate\\Database\\Connection->handleQueryException(Object(Illuminate\\Database\\QueryException), 'select table_na...', Array, Object(Closure))
#3 C:\\Users\\user\\Stuent\\vendor\\laravel\\framework\\src\\Illuminate\\Database\\Connection.php(414): Illuminate\\Database\\Connection->run('select table_na...', Array, Object(Closure))
#4 C:\\Users\\user\\Stuent\\vendor\\laravel\\framework\\src\\Illuminate\\Database\\Connection.php(401): Illuminate\\Database\\Connection->select('select table_na...', Array, false)
#5 C:\\Users\\user\\Stuent\\vendor\\laravel\\framework\\src\\Illuminate\\Database\\Schema\\MySqlBuilder.php(41): Illuminate\\Database\\Connection->selectFromWriteConnection('select table_na...')
#6 C:\\Users\\user\\Stuent\\vendor\\laravel\\framework\\src\\Illuminate\\Database\\Schema\\Builder.php(165): Illuminate\\Database\\Schema\\MySqlBuilder->getTables(false)
#7 C:\\Users\\user\\Stuent\\vendor\\laravel\\framework\\src\\Illuminate\\Database\\Migrations\\DatabaseMigrationRepository.php(184): Illuminate\\Database\\Schema\\Builder->hasTable('migrations')
#8 C:\\Users\\user\\Stuent\\vendor\\laravel\\framework\\src\\Illuminate\\Database\\Migrations\\Migrator.php(727): Illuminate\\Database\\Migrations\\DatabaseMigrationRepository->repositoryExists()
#9 C:\\Users\\user\\Stuent\\vendor\\laravel\\framework\\src\\Illuminate\\Database\\Console\\Migrations\\StatusCommand.php(53): Illuminate\\Database\\Migrations\\Migrator->repositoryExists()
#10 C:\\Users\\user\\Stuent\\vendor\\laravel\\framework\\src\\Illuminate\\Database\\Migrations\\Migrator.php(641): Illuminate\\Database\\Console\\Migrations\\StatusCommand->Illuminate\\Database\\Console\\Migrations\\{closure}()
#11 C:\\Users\\user\\Stuent\\vendor\\laravel\\framework\\src\\Illuminate\\Database\\Console\\Migrations\\StatusCommand.php(52): Illuminate\\Database\\Migrations\\Migrator->usingConnection(NULL, Object(Closure))
#12 C:\\Users\\user\\Stuent\\vendor\\laravel\\framework\\src\\Illuminate\\Container\\BoundMethod.php(36): Illuminate\\Database\\Console\\Migrations\\StatusCommand->handle()
#13 C:\\Users\\user\\Stuent\\vendor\\laravel\\framework\\src\\Illuminate\\Container\\Util.php(41): Illuminate\\Container\\BoundMethod::Illuminate\\Container\\{closure}()
#14 C:\\Users\\user\\Stuent\\vendor\\laravel\\framework\\src\\Illuminate\\Container\\BoundMethod.php(93): Illuminate\\Container\\Util::unwrapIfClosure(Object(Closure))
#15 C:\\Users\\user\\Stuent\\vendor\\laravel\\framework\\src\\Illuminate\\Container\\BoundMethod.php(35): Illuminate\\Container\\BoundMethod::callBoundMethod(Object(Illuminate\\Foundation\\Application), Array, Object(Closure))
#16 C:\\Users\\user\\Stuent\\vendor\\laravel\\framework\\src\\Illuminate\\Container\\Container.php(662): Illuminate\\Container\\BoundMethod::call(Object(Illuminate\\Foundation\\Application), Array, Array, NULL)
#17 C:\\Users\\user\\Stuent\\vendor\\laravel\\framework\\src\\Illuminate\\Console\\Command.php(211): Illuminate\\Container\\Container->call(Array)
#18 C:\\Users\\user\\Stuent\\vendor\\symfony\\console\\Command\\Command.php(326): Illuminate\\Console\\Command->execute(Object(Symfony\\Component\\Console\\Input\\ArgvInput), Object(Illuminate\\Console\\OutputStyle))
#19 C:\\Users\\user\\Stuent\\vendor\\laravel\\framework\\src\\Illuminate\\Console\\Command.php(180): Symfony\\Component\\Console\\Command\\Command->run(Object(Symfony\\Component\\Console\\Input\\ArgvInput), Object(Illuminate\\Console\\OutputStyle))
#20 C:\\Users\\user\\Stuent\\vendor\\symfony\\console\\Application.php(1088): Illuminate\\Console\\Command->run(Object(Symfony\\Component\\Console\\Input\\ArgvInput), Object(Symfony\\Component\\Console\\Output\\ConsoleOutput))
#21 C:\\Users\\user\\Stuent\\vendor\\symfony\\console\\Application.php(324): Symfony\\Component\\Console\\Application->doRunCommand(Object(Illuminate\\Database\\Console\\Migrations\\StatusCommand), Object(Symfony\\Component\\Console\\Input\\ArgvInput), Object(Symfony\\Component\\Console\\Output\\ConsoleOutput))
#22 C:\\Users\\user\\Stuent\\vendor\\symfony\\console\\Application.php(175): Symfony\\Component\\Console\\Application->doRun(Object(Symfony\\Component\\Console\\Input\\ArgvInput), Object(Symfony\\Component\\Console\\Output\\ConsoleOutput))
#23 C:\\Users\\user\\Stuent\\vendor\\laravel\\framework\\src\\Illuminate\\Foundation\\Console\\Kernel.php(201): Symfony\\Component\\Console\\Application->run(Object(Symfony\\Component\\Console\\Input\\ArgvInput), Object(Symfony\\Component\\Console\\Output\\ConsoleOutput))
#24 C:\\Users\\user\\Stuent\\artisan(24): Illuminate\\Foundation\\Console\\Kernel->handle(Object(Symfony\\Component\\Console\\Input\\ArgvInput), Object(Symfony\\Component\\Console\\Output\\ConsoleOutput))
#25 {main}

[previous exception] [object] (PDOException(code: 2002): SQLSTATE[HY000] [2002] No connection could be made because the target machine actively refused it at C:\\Users\\user\\Stuent\\vendor\\laravel\\framework\\src\\Illuminate\\Database\\Connectors\\Connector.php:65)
[stacktrace]
#0 C:\\Users\\user\\Stuent\\vendor\\laravel\\framework\\src\\Illuminate\\Database\\Connectors\\Connector.php(65): PDO->__construct('mysql:host=127....', 'root', Object(SensitiveParameterValue), Array)
#1 C:\\Users\\user\\Stuent\\vendor\\laravel\\framework\\src\\Illuminate\\Database\\Connectors\\Connector.php(83): Illuminate\\Database\\Connectors\\Connector->createPdoConnection('mysql:host=127....', 'root', '', Array)
#2 C:\\Users\\user\\Stuent\\vendor\\laravel\\framework\\src\\Illuminate\\Database\\Connectors\\Connector.php(48): Illuminate\\Database\\Connectors\\Connector->tryAgainIfCausedByLostConnection(Object(PDOException), 'mysql:host=127....', 'root', '', Array)
#3 C:\\Users\\user\\Stuent\\vendor\\laravel\\framework\\src\\Illuminate\\Database\\Connectors\\MySqlConnector.php(24): Illuminate\\Database\\Connectors\\Connector->createConnection('mysql:host=127....', Array, Array)
#4 C:\\Users\\user\\Stuent\\vendor\\laravel\\framework\\src\\Illuminate\\Database\\Connectors\\ConnectionFactory.php(184): Illuminate\\Database\\Connectors\\MySqlConnector->connect(Array)
#5 [internal function]: Illuminate\\Database\\Connectors\\ConnectionFactory->Illuminate\\Database\\Connectors\\{closure}()
#6 C:\\Users\\user\\Stuent\\vendor\\laravel\\framework\\src\\Illuminate\\Database\\Connection.php(1339): call_user_func(Object(Closure))
#7 C:\\Users\\user\\Stuent\\vendor\\laravel\\framework\\src\\Illuminate\\Database\\Connection.php(528): Illuminate\\Database\\Connection->getPdo()
#8 C:\\Users\\user\\Stuent\\vendor\\laravel\\framework\\src\\Illuminate\\Database\\Connection.php(423): Illuminate\\Database\\Connection->getPdoForSelect(false)
#9 C:\\Users\\user\\Stuent\\vendor\\laravel\\framework\\src\\Illuminate\\Database\\Connection.php(816): Illuminate\\Database\\Connection->Illuminate\\Database\\{closure}('select table_na...', Array)
#10 C:\\Users\\user\\Stuent\\vendor\\laravel\\framework\\src\\Illuminate\\Database\\Connection.php(983): Illuminate\\Database\\Connection->runQueryCallback('select table_na...', Array, Object(Closure))
#11 C:\\Users\\user\\Stuent\\vendor\\laravel\\framework\\src\\Illuminate\\Database\\Connection.php(962): Illuminate\\Database\\Connection->tryAgainIfCausedByLostConnection(Object(Illuminate\\Database\\QueryException), 'select table_na...', Array, Object(Closure))
#12 C:\\Users\\user\\Stuent\\vendor\\laravel\\framework\\src\\Illuminate\\Database\\Connection.php(785): Illuminate\\Database\\Connection->handleQueryException(Object(Illuminate\\Database\\QueryException), 'select table_na...', Array, Object(Closure))
#13 C:\\Users\\user\\Stuent\\vendor\\laravel\\framework\\src\\Illuminate\\Database\\Connection.php(414): Illuminate\\Database\\Connection->run('select table_na...', Array, Object(Closure))
#14 C:\\Users\\user\\Stuent\\vendor\\laravel\\framework\\src\\Illuminate\\Database\\Connection.php(401): Illuminate\\Database\\Connection->select('select table_na...', Array, false)
#15 C:\\Users\\user\\Stuent\\vendor\\laravel\\framework\\src\\Illuminate\\Database\\Schema\\MySqlBuilder.php(41): Illuminate\\Database\\Connection->selectFromWriteConnection('select table_na...')
#16 C:\\Users\\user\\Stuent\\vendor\\laravel\\framework\\src\\Illuminate\\Database\\Schema\\Builder.php(165): Illuminate\\Database\\Schema\\MySqlBuilder->getTables(false)
#17 C:\\Users\\user\\Stuent\\vendor\\laravel\\framework\\src\\Illuminate\\Database\\Migrations\\DatabaseMigrationRepository.php(184): Illuminate\\Database\\Schema\\Builder->hasTable('migrations')
#18 C:\\Users\\user\\Stuent\\vendor\\laravel\\framework\\src\\Illuminate\\Database\\Migrations\\Migrator.php(727): Illuminate\\Database\\Migrations\\DatabaseMigrationRepository->repositoryExists()
#19 C:\\Users\\user\\Stuent\\vendor\\laravel\\framework\\src\\Illuminate\\Database\\Console\\Migrations\\StatusCommand.php(53): Illuminate\\Database\\Migrations\\Migrator->repositoryExists()
#20 C:\\Users\\user\\Stuent\\vendor\\laravel\\framework\\src\\Illuminate\\Database\\Migrations\\Migrator.php(641): Illuminate\\Database\\Console\\Migrations\\StatusCommand->Illuminate\\Database\\Console\\Migrations\\{closure}()
#21 C:\\Users\\user\\Stuent\\vendor\\laravel\\framework\\src\\Illuminate\\Database\\Console\\Migrations\\StatusCommand.php(52): Illuminate\\Database\\Migrations\\Migrator->usingConnection(NULL, Object(Closure))
#22 C:\\Users\\user\\Stuent\\vendor\\laravel\\framework\\src\\Illuminate\\Container\\BoundMethod.php(36): Illuminate\\Database\\Console\\Migrations\\StatusCommand->handle()
#23 C:\\Users\\user\\Stuent\\vendor\\laravel\\framework\\src\\Illuminate\\Container\\Util.php(41): Illuminate\\Container\\BoundMethod::Illuminate\\Container\\{closure}()
#24 C:\\Users\\user\\Stuent\\vendor\\laravel\\framework\\src\\Illuminate\\Container\\BoundMethod.php(93): Illuminate\\Container\\Util::unwrapIfClosure(Object(Closure))
#25 C:\\Users\\user\\Stuent\\vendor\\laravel\\framework\\src\\Illuminate\\Container\\BoundMethod.php(35): Illuminate\\Container\\BoundMethod::callBoundMethod(Object(Illuminate\\Foundation\\Application), Array, Object(Closure))
#26 C:\\Users\\user\\Stuent\\vendor\\laravel\\framework\\src\\Illuminate\\Container\\Container.php(662): Illuminate\\Container\\BoundMethod::call(Object(Illuminate\\Foundation\\Application), Array, Array, NULL)
#27 C:\\Users\\user\\Stuent\\vendor\\laravel\\framework\\src\\Illuminate\\Console\\Command.php(211): Illuminate\\Container\\Container->call(Array)
#28 C:\\Users\\user\\Stuent\\vendor\\symfony\\console\\Command\\Command.php(326): Illuminate\\Console\\Command->execute(Object(Symfony\\Component\\Console\\Input\\ArgvInput), Object(Illuminate\\Console\\OutputStyle))
#29 C:\\Users\\user\\Stuent\\vendor\\laravel\\framework\\src\\Illuminate\\Console\\Command.php(180): Symfony\\Component\\Console\\Command\\Command->run(Object(Symfony\\Component\\Console\\Input\\ArgvInput), Object(Illuminate\\Console\\OutputStyle))
#30 C:\\Users\\user\\Stuent\\vendor\\symfony\\console\\Application.php(1088): Illuminate\\Console\\Command->run(Object(Symfony\\Component\\Console\\Input\\ArgvInput), Object(Symfony\\Component\\Console\\Output\\ConsoleOutput))
#31 C:\\Users\\user\\Stuent\\vendor\\symfony\\console\\Application.php(324): Symfony\\Component\\Console\\Application->doRunCommand(Object(Illuminate\\Database\\Console\\Migrations\\StatusCommand), Object(Symfony\\Component\\Console\\Input\\ArgvInput), Object(Symfony\\Component\\Console\\Output\\ConsoleOutput))
#32 C:\\Users\\user\\Stuent\\vendor\\symfony\\console\\Application.php(175): Symfony\\Component\\Console\\Application->doRun(Object(Symfony\\Component\\Console\\Input\\ArgvInput), Object(Symfony\\Component\\Console\\Output\\ConsoleOutput))
#33 C:\\Users\\user\\Stuent\\vendor\\laravel\\framework\\src\\Illuminate\\Foundation\\Console\\Kernel.php(201): Symfony\\Component\\Console\\Application->run(Object(Symfony\\Component\\Console\\Input\\ArgvInput), Object(Symfony\\Component\\Console\\Output\\ConsoleOutput))
#34 C:\\Users\\user\\Stuent\\artisan(24): Illuminate\\Foundation\\Console\\Kernel->handle(Object(Symfony\\Component\\Console\\Input\\ArgvInput), Object(Symfony\\Component\\Console\\Output\\ConsoleOutput))
#35 {main}
"} 
[2025-11-14 14:28:06] laravel.EMERGENCY: Unable to create configured logger. Using emergency logger. {"exception":"[object] (InvalidArgumentException(code: 0): Log [] is not defined. at C:\\Users\\user\\Stuent\\vendor\\laravel\\framework\\src\\Illuminate\\Log\\LogManager.php:212)
[stacktrace]
#0 C:\\Users\\user\\Stuent\\vendor\\laravel\\framework\\src\\Illuminate\\Log\\LogManager.php(137): Illuminate\\Log\\LogManager->resolve(NULL, NULL)
#1 C:\\Users\\user\\Stuent\\vendor\\laravel\\framework\\src\\Illuminate\\Log\\LogManager.php(124): Illuminate\\Log\\LogManager->get(NULL)
#2 C:\\Users\\user\\Stuent\\vendor\\laravel\\framework\\src\\Illuminate\\Log\\LogManager.php(681): Illuminate\\Log\\LogManager->driver()
#3 C:\\Users\\user\\Stuent\\vendor\\laravel\\framework\\src\\Illuminate\\Foundation\\Exceptions\\Handler.php(317): Illuminate\\Log\\LogManager->error('SQLSTATE[HY000]...', Array)
#4 C:\\Users\\user\\Stuent\\vendor\\laravel\\framework\\src\\Illuminate\\Foundation\\Exceptions\\Handler.php(278): Illuminate\\Foundation\\Exceptions\\Handler->reportThrowable(Object(Illuminate\\Database\\QueryException))
#5 C:\\Users\\user\\Stuent\\vendor\\laravel\\framework\\src\\Illuminate\\Foundation\\Console\\Kernel.php(523): Illuminate\\Foundation\\Exceptions\\Handler->report(Object(Illuminate\\Database\\QueryException))
#6 C:\\Users\\user\\Stuent\\vendor\\laravel\\framework\\src\\Illuminate\\Foundation\\Console\\Kernel.php(203): Illuminate\\Foundation\\Console\\Kernel->reportException(Object(Illuminate\\Database\\QueryException))
#7 C:\\Users\\user\\Stuent\\artisan(24): Illuminate\\Foundation\\Console\\Kernel->handle(Object(Symfony\\Component\\Console\\Input\\ArgvInput), Object(Symfony\\Component\\Console\\Output\\ConsoleOutput))
#8 {main}
"} 
[2025-11-14 14:28:06] laravel.ERROR: SQLSTATE[HY000] [2002] No connection could be made because the target machine actively refused it (Connection: mysql, SQL: select table_name as `name`, (data_length + index_length) as `size`, table_comment as `comment`, engine as `engine`, table_collation as `collation` from information_schema.tables where table_schema = 'aiwa_farm' and table_type in ('BASE TABLE', 'SYSTEM VERSIONED') order by table_name) {"exception":"[object] (Illuminate\\Database\\QueryException(code: 2002): SQLSTATE[HY000] [2002] No connection could be made because the target machine actively refused it (Connection: mysql, SQL: select table_name as `name`, (data_length + index_length) as `size`, table_comment as `comment`, engine as `engine`, table_collation as `collation` from information_schema.tables where table_schema = 'aiwa_farm' and table_type in ('BASE TABLE', 'SYSTEM VERSIONED') order by table_name) at C:\\Users\\user\\Stuent\\vendor\\laravel\\framework\\src\\Illuminate\\Database\\Connection.php:829)
[stacktrace]
#0 C:\\Users\\user\\Stuent\\vendor\\laravel\\framework\\src\\Illuminate\\Database\\Connection.php(983): Illuminate\\Database\\Connection->runQueryCallback('select table_na...', Array, Object(Closure))
#1 C:\\Users\\user\\Stuent\\vendor\\laravel\\framework\\src\\Illuminate\\Database\\Connection.php(962): Illuminate\\Database\\Connection->tryAgainIfCausedByLostConnection(Object(Illuminate\\Database\\QueryException), 'select table_na...', Array, Object(Closure))
#2 C:\\Users\\user\\Stuent\\vendor\\laravel\\framework\\src\\Illuminate\\Database\\Connection.php(785): Illuminate\\Database\\Connection->handleQueryException(Object(Illuminate\\Database\\QueryException), 'select table_na...', Array, Object(Closure))
#3 C:\\Users\\user\\Stuent\\vendor\\laravel\\framework\\src\\Illuminate\\Database\\Connection.php(414): Illuminate\\Database\\Connection->run('select table_na...', Array, Object(Closure))
#4 C:\\Users\\user\\Stuent\\vendor\\laravel\\framework\\src\\Illuminate\\Database\\Connection.php(401): Illuminate\\Database\\Connection->select('select table_na...', Array, false)
#5 C:\\Users\\user\\Stuent\\vendor\\laravel\\framework\\src\\Illuminate\\Database\\Schema\\MySqlBuilder.php(41): Illuminate\\Database\\Connection->selectFromWriteConnection('select table_na...')
#6 C:\\Users\\user\\Stuent\\vendor\\laravel\\framework\\src\\Illuminate\\Database\\Schema\\MySqlBuilder.php(147): Illuminate\\Database\\Schema\\MySqlBuilder->getTables()
#7 C:\\Users\\user\\Stuent\\vendor\\laravel\\framework\\src\\Illuminate\\Database\\Console\\WipeCommand.php(71): Illuminate\\Database\\Schema\\MySqlBuilder->dropAllTables()
#8 C:\\Users\\user\\Stuent\\vendor\\laravel\\framework\\src\\Illuminate\\Database\\Console\\WipeCommand.php(48): Illuminate\\Database\\Console\\WipeCommand->dropAllTables(NULL)
#9 C:\\Users\\user\\Stuent\\vendor\\laravel\\framework\\src\\Illuminate\\Container\\BoundMethod.php(36): Illuminate\\Database\\Console\\WipeCommand->handle()
#10 C:\\Users\\user\\Stuent\\vendor\\laravel\\framework\\src\\Illuminate\\Container\\Util.php(41): Illuminate\\Container\\BoundMethod::Illuminate\\Container\\{closure}()
#11 C:\\Users\\user\\Stuent\\vendor\\laravel\\framework\\src\\Illuminate\\Container\\BoundMethod.php(93): Illuminate\\Container\\Util::unwrapIfClosure(Object(Closure))
#12 C:\\Users\\user\\Stuent\\vendor\\laravel\\framework\\src\\Illuminate\\Container\\BoundMethod.php(35): Illuminate\\Container\\BoundMethod::callBoundMethod(Object(Illuminate\\Foundation\\Application), Array, Object(Closure))
#13 C:\\Users\\user\\Stuent\\vendor\\laravel\\framework\\src\\Illuminate\\Container\\Container.php(662): Illuminate\\Container\\BoundMethod::call(Object(Illuminate\\Foundation\\Application), Array, Array, NULL)
#14 C:\\Users\\user\\Stuent\\vendor\\laravel\\framework\\src\\Illuminate\\Console\\Command.php(211): Illuminate\\Container\\Container->call(Array)
#15 C:\\Users\\user\\Stuent\\vendor\\symfony\\console\\Command\\Command.php(326): Illuminate\\Console\\Command->execute(Object(Symfony\\Component\\Console\\Input\\ArrayInput), Object(Illuminate\\Console\\OutputStyle))
#16 C:\\Users\\user\\Stuent\\vendor\\laravel\\framework\\src\\Illuminate\\Console\\Command.php(180): Symfony\\Component\\Console\\Command\\Command->run(Object(Symfony\\Component\\Console\\Input\\ArrayInput), Object(Illuminate\\Console\\OutputStyle))
#17 C:\\Users\\user\\Stuent\\vendor\\laravel\\framework\\src\\Illuminate\\Console\\Concerns\\CallsCommands.php(67): Illuminate\\Console\\Command->run(Object(Symfony\\Component\\Console\\Input\\ArrayInput), Object(Symfony\\Component\\Console\\Output\\NullOutput))
#18 C:\\Users\\user\\Stuent\\vendor\\laravel\\framework\\src\\Illuminate\\Console\\Concerns\\CallsCommands.php(40): Illuminate\\Console\\Command->runCommand('db:wipe', Array, Object(Symfony\\Component\\Console\\Output\\NullOutput))
#19 C:\\Users\\user\\Stuent\\vendor\\laravel\\framework\\src\\Illuminate\\Database\\Console\\Migrations\\FreshCommand.php(44): Illuminate\\Console\\Command->callSilent('db:wipe', Array)
#20 C:\\Users\\user\\Stuent\\vendor\\laravel\\framework\\src\\Illuminate\\Console\\View\\Components\\Task.php(37): Illuminate\\Database\\Console\\Migrations\\FreshCommand->Illuminate\\Database\\Console\\Migrations\\{closure}()
#21 C:\\Users\\user\\Stuent\\vendor\\laravel\\framework\\src\\Illuminate\\Console\\View\\Components\\Factory.php(58): Illuminate\\Console\\View\\Components\\Task->render('Dropping all ta...', Object(Closure))
#22 C:\\Users\\user\\Stuent\\vendor\\laravel\\framework\\src\\Illuminate\\Database\\Console\\Migrations\\FreshCommand.php(44): Illuminate\\Console\\View\\Components\\Factory->__call('task', Array)
#23 C:\\Users\\user\\Stuent\\vendor\\laravel\\framework\\src\\Illuminate\\Container\\BoundMethod.php(36): Illuminate\\Database\\Console\\Migrations\\FreshCommand->handle()
#24 C:\\Users\\user\\Stuent\\vendor\\laravel\\framework\\src\\Illuminate\\Container\\Util.php(41): Illuminate\\Container\\BoundMethod::Illuminate\\Container\\{closure}()
#25 C:\\Users\\user\\Stuent\\vendor\\laravel\\framework\\src\\Illuminate\\Container\\BoundMethod.php(93): Illuminate\\Container\\Util::unwrapIfClosure(Object(Closure))
#26 C:\\Users\\user\\Stuent\\vendor\\laravel\\framework\\src\\Illuminate\\Container\\BoundMethod.php(35): Illuminate\\Container\\BoundMethod::callBoundMethod(Object(Illuminate\\Foundation\\Application), Array, Object(Closure))
#27 C:\\Users\\user\\Stuent\\vendor\\laravel\\framework\\src\\Illuminate\\Container\\Container.php(662): Illuminate\\Container\\BoundMethod::call(Object(Illuminate\\Foundation\\Application), Array, Array, NULL)
#28 C:\\Users\\user\\Stuent\\vendor\\laravel\\framework\\src\\Illuminate\\Console\\Command.php(211): Illuminate\\Container\\Container->call(Array)
#29 C:\\Users\\user\\Stuent\\vendor\\symfony\\console\\Command\\Command.php(326): Illuminate\\Console\\Command->execute(Object(Symfony\\Component\\Console\\Input\\ArgvInput), Object(Illuminate\\Console\\OutputStyle))
#30 C:\\Users\\user\\Stuent\\vendor\\laravel\\framework\\src\\Illuminate\\Console\\Command.php(180): Symfony\\Component\\Console\\Command\\Command->run(Object(Symfony\\Component\\Console\\Input\\ArgvInput), Object(Illuminate\\Console\\OutputStyle))
#31 C:\\Users\\user\\Stuent\\vendor\\symfony\\console\\Application.php(1088): Illuminate\\Console\\Command->run(Object(Symfony\\Component\\Console\\Input\\ArgvInput), Object(Symfony\\Component\\Console\\Output\\ConsoleOutput))
#32 C:\\Users\\user\\Stuent\\vendor\\symfony\\console\\Application.php(324): Symfony\\Component\\Console\\Application->doRunCommand(Object(Illuminate\\Database\\Console\\Migrations\\FreshCommand), Object(Symfony\\Component\\Console\\Input\\ArgvInput), Object(Symfony\\Component\\Console\\Output\\ConsoleOutput))
#33 C:\\Users\\user\\Stuent\\vendor\\symfony\\console\\Application.php(175): Symfony\\Component\\Console\\Application->doRun(Object(Symfony\\Component\\Console\\Input\\ArgvInput), Object(Symfony\\Component\\Console\\Output\\ConsoleOutput))
#34 C:\\Users\\user\\Stuent\\vendor\\laravel\\framework\\src\\Illuminate\\Foundation\\Console\\Kernel.php(201): Symfony\\Component\\Console\\Application->run(Object(Symfony\\Component\\Console\\Input\\ArgvInput), Object(Symfony\\Component\\Console\\Output\\ConsoleOutput))
#35 C:\\Users\\user\\Stuent\\artisan(24): Illuminate\\Foundation\\Console\\Kernel->handle(Object(Symfony\\Component\\Console\\Input\\ArgvInput), Object(Symfony\\Component\\Console\\Output\\ConsoleOutput))
#36 {main}

[previous exception] [object] (PDOException(code: 2002): SQLSTATE[HY000] [2002] No connection could be made because the target machine actively refused it at C:\\Users\\user\\Stuent\\vendor\\laravel\\framework\\src\\Illuminate\\Database\\Connectors\\Connector.php:65)
[stacktrace]
#0 C:\\Users\\user\\Stuent\\vendor\\laravel\\framework\\src\\Illuminate\\Database\\Connectors\\Connector.php(65): PDO->__construct('mysql:host=127....', 'root', Object(SensitiveParameterValue), Array)
#1 C:\\Users\\user\\Stuent\\vendor\\laravel\\framework\\src\\Illuminate\\Database\\Connectors\\Connector.php(83): Illuminate\\Database\\Connectors\\Connector->createPdoConnection('mysql:host=127....', 'root', '', Array)
#2 C:\\Users\\user\\Stuent\\vendor\\laravel\\framework\\src\\Illuminate\\Database\\Connectors\\Connector.php(48): Illuminate\\Database\\Connectors\\Connector->tryAgainIfCausedByLostConnection(Object(PDOException), 'mysql:host=127....', 'root', '', Array)
#3 C:\\Users\\user\\Stuent\\vendor\\laravel\\framework\\src\\Illuminate\\Database\\Connectors\\MySqlConnector.php(24): Illuminate\\Database\\Connectors\\Connector->createConnection('mysql:host=127....', Array, Array)
#4 C:\\Users\\user\\Stuent\\vendor\\laravel\\framework\\src\\Illuminate\\Database\\Connectors\\ConnectionFactory.php(184): Illuminate\\Database\\Connectors\\MySqlConnector->connect(Array)
#5 [internal function]: Illuminate\\Database\\Connectors\\ConnectionFactory->Illuminate\\Database\\Connectors\\{closure}()
#6 C:\\Users\\user\\Stuent\\vendor\\laravel\\framework\\src\\Illuminate\\Database\\Connection.php(1339): call_user_func(Object(Closure))
#7 C:\\Users\\user\\Stuent\\vendor\\laravel\\framework\\src\\Illuminate\\Database\\Connection.php(528): Illuminate\\Database\\Connection->getPdo()
#8 C:\\Users\\user\\Stuent\\vendor\\laravel\\framework\\src\\Illuminate\\Database\\Connection.php(423): Illuminate\\Database\\Connection->getPdoForSelect(false)
#9 C:\\Users\\user\\Stuent\\vendor\\laravel\\framework\\src\\Illuminate\\Database\\Connection.php(816): Illuminate\\Database\\Connection->Illuminate\\Database\\{closure}('select table_na...', Array)
#10 C:\\Users\\user\\Stuent\\vendor\\laravel\\framework\\src\\Illuminate\\Database\\Connection.php(983): Illuminate\\Database\\Connection->runQueryCallback('select table_na...', Array, Object(Closure))
#11 C:\\Users\\user\\Stuent\\vendor\\laravel\\framework\\src\\Illuminate\\Database\\Connection.php(962): Illuminate\\Database\\Connection->tryAgainIfCausedByLostConnection(Object(Illuminate\\Database\\QueryException), 'select table_na...', Array, Object(Closure))
#12 C:\\Users\\user\\Stuent\\vendor\\laravel\\framework\\src\\Illuminate\\Database\\Connection.php(785): Illuminate\\Database\\Connection->handleQueryException(Object(Illuminate\\Database\\QueryException), 'select table_na...', Array, Object(Closure))
#13 C:\\Users\\user\\Stuent\\vendor\\laravel\\framework\\src\\Illuminate\\Database\\Connection.php(414): Illuminate\\Database\\Connection->run('select table_na...', Array, Object(Closure))
#14 C:\\Users\\user\\Stuent\\vendor\\laravel\\framework\\src\\Illuminate\\Database\\Connection.php(401): Illuminate\\Database\\Connection->select('select table_na...', Array, false)
#15 C:\\Users\\user\\Stuent\\vendor\\laravel\\framework\\src\\Illuminate\\Database\\Schema\\MySqlBuilder.php(41): Illuminate\\Database\\Connection->selectFromWriteConnection('select table_na...')
#16 C:\\Users\\user\\Stuent\\vendor\\laravel\\framework\\src\\Illuminate\\Database\\Schema\\MySqlBuilder.php(147): Illuminate\\Database\\Schema\\MySqlBuilder->getTables()
#17 C:\\Users\\user\\Stuent\\vendor\\laravel\\framework\\src\\Illuminate\\Database\\Console\\WipeCommand.php(71): Illuminate\\Database\\Schema\\MySqlBuilder->dropAllTables()
#18 C:\\Users\\user\\Stuent\\vendor\\laravel\\framework\\src\\Illuminate\\Database\\Console\\WipeCommand.php(48): Illuminate\\Database\\Console\\WipeCommand->dropAllTables(NULL)
#19 C:\\Users\\user\\Stuent\\vendor\\laravel\\framework\\src\\Illuminate\\Container\\BoundMethod.php(36): Illuminate\\Database\\Console\\WipeCommand->handle()
#20 C:\\Users\\user\\Stuent\\vendor\\laravel\\framework\\src\\Illuminate\\Container\\Util.php(41): Illuminate\\Container\\BoundMethod::Illuminate\\Container\\{closure}()
#21 C:\\Users\\user\\Stuent\\vendor\\laravel\\framework\\src\\Illuminate\\Container\\BoundMethod.php(93): Illuminate\\Container\\Util::unwrapIfClosure(Object(Closure))
#22 C:\\Users\\user\\Stuent\\vendor\\laravel\\framework\\src\\Illuminate\\Container\\BoundMethod.php(35): Illuminate\\Container\\BoundMethod::callBoundMethod(Object(Illuminate\\Foundation\\Application), Array, Object(Closure))
#23 C:\\Users\\user\\Stuent\\vendor\\laravel\\framework\\src\\Illuminate\\Container\\Container.php(662): Illuminate\\Container\\BoundMethod::call(Object(Illuminate\\Foundation\\Application), Array, Array, NULL)
#24 C:\\Users\\user\\Stuent\\vendor\\laravel\\framework\\src\\Illuminate\\Console\\Command.php(211): Illuminate\\Container\\Container->call(Array)
#25 C:\\Users\\user\\Stuent\\vendor\\symfony\\console\\Command\\Command.php(326): Illuminate\\Console\\Command->execute(Object(Symfony\\Component\\Console\\Input\\ArrayInput), Object(Illuminate\\Console\\OutputStyle))
#26 C:\\Users\\user\\Stuent\\vendor\\laravel\\framework\\src\\Illuminate\\Console\\Command.php(180): Symfony\\Component\\Console\\Command\\Command->run(Object(Symfony\\Component\\Console\\Input\\ArrayInput), Object(Illuminate\\Console\\OutputStyle))
#27 C:\\Users\\user\\Stuent\\vendor\\laravel\\framework\\src\\Illuminate\\Console\\Concerns\\CallsCommands.php(67): Illuminate\\Console\\Command->run(Object(Symfony\\Component\\Console\\Input\\ArrayInput), Object(Symfony\\Component\\Console\\Output\\NullOutput))
#28 C:\\Users\\user\\Stuent\\vendor\\laravel\\framework\\src\\Illuminate\\Console\\Concerns\\CallsCommands.php(40): Illuminate\\Console\\Command->runCommand('db:wipe', Array, Object(Symfony\\Component\\Console\\Output\\NullOutput))
#29 C:\\Users\\user\\Stuent\\vendor\\laravel\\framework\\src\\Illuminate\\Database\\Console\\Migrations\\FreshCommand.php(44): Illuminate\\Console\\Command->callSilent('db:wipe', Array)
#30 C:\\Users\\user\\Stuent\\vendor\\laravel\\framework\\src\\Illuminate\\Console\\View\\Components\\Task.php(37): Illuminate\\Database\\Console\\Migrations\\FreshCommand->Illuminate\\Database\\Console\\Migrations\\{closure}()
#31 C:\\Users\\user\\Stuent\\vendor\\laravel\\framework\\src\\Illuminate\\Console\\View\\Components\\Factory.php(58): Illuminate\\Console\\View\\Components\\Task->render('Dropping all ta...', Object(Closure))
#32 C:\\Users\\user\\Stuent\\vendor\\laravel\\framework\\src\\Illuminate\\Database\\Console\\Migrations\\FreshCommand.php(44): Illuminate\\Console\\View\\Components\\Factory->__call('task', Array)
#33 C:\\Users\\user\\Stuent\\vendor\\laravel\\framework\\src\\Illuminate\\Container\\BoundMethod.php(36): Illuminate\\Database\\Console\\Migrations\\FreshCommand->handle()
#34 C:\\Users\\user\\Stuent\\vendor\\laravel\\framework\\src\\Illuminate\\Container\\Util.php(41): Illuminate\\Container\\BoundMethod::Illuminate\\Container\\{closure}()
#35 C:\\Users\\user\\Stuent\\vendor\\laravel\\framework\\src\\Illuminate\\Container\\BoundMethod.php(93): Illuminate\\Container\\Util::unwrapIfClosure(Object(Closure))
#36 C:\\Users\\user\\Stuent\\vendor\\laravel\\framework\\src\\Illuminate\\Container\\BoundMethod.php(35): Illuminate\\Container\\BoundMethod::callBoundMethod(Object(Illuminate\\Foundation\\Application), Array, Object(Closure))
#37 C:\\Users\\user\\Stuent\\vendor\\laravel\\framework\\src\\Illuminate\\Container\\Container.php(662): Illuminate\\Container\\BoundMethod::call(Object(Illuminate\\Foundation\\Application), Array, Array, NULL)
#38 C:\\Users\\user\\Stuent\\vendor\\laravel\\framework\\src\\Illuminate\\Console\\Command.php(211): Illuminate\\Container\\Container->call(Array)
#39 C:\\Users\\user\\Stuent\\vendor\\symfony\\console\\Command\\Command.php(326): Illuminate\\Console\\Command->execute(Object(Symfony\\Component\\Console\\Input\\ArgvInput), Object(Illuminate\\Console\\OutputStyle))
#40 C:\\Users\\user\\Stuent\\vendor\\laravel\\framework\\src\\Illuminate\\Console\\Command.php(180): Symfony\\Component\\Console\\Command\\Command->run(Object(Symfony\\Component\\Console\\Input\\ArgvInput), Object(Illuminate\\Console\\OutputStyle))
#41 C:\\Users\\user\\Stuent\\vendor\\symfony\\console\\Application.php(1088): Illuminate\\Console\\Command->run(Object(Symfony\\Component\\Console\\Input\\ArgvInput), Object(Symfony\\Component\\Console\\Output\\ConsoleOutput))
#42 C:\\Users\\user\\Stuent\\vendor\\symfony\\console\\Application.php(324): Symfony\\Component\\Console\\Application->doRunCommand(Object(Illuminate\\Database\\Console\\Migrations\\FreshCommand), Object(Symfony\\Component\\Console\\Input\\ArgvInput), Object(Symfony\\Component\\Console\\Output\\ConsoleOutput))
#43 C:\\Users\\user\\Stuent\\vendor\\symfony\\console\\Application.php(175): Symfony\\Component\\Console\\Application->doRun(Object(Symfony\\Component\\Console\\Input\\ArgvInput), Object(Symfony\\Component\\Console\\Output\\ConsoleOutput))
#44 C:\\Users\\user\\Stuent\\vendor\\laravel\\framework\\src\\Illuminate\\Foundation\\Console\\Kernel.php(201): Symfony\\Component\\Console\\Application->run(Object(Symfony\\Component\\Console\\Input\\ArgvInput), Object(Symfony\\Component\\Console\\Output\\ConsoleOutput))
#45 C:\\Users\\user\\Stuent\\artisan(24): Illuminate\\Foundation\\Console\\Kernel->handle(Object(Symfony\\Component\\Console\\Input\\ArgvInput), Object(Symfony\\Component\\Console\\Output\\ConsoleOutput))
#46 {main}
"} 
[2025-11-14 14:28:12] laravel.EMERGENCY: Unable to create configured logger. Using emergency logger. {"exception":"[object] (InvalidArgumentException(code: 0): Log [] is not defined. at C:\\Users\\user\\Stuent\\vendor\\laravel\\framework\\src\\Illuminate\\Log\\LogManager.php:212)
[stacktrace]
#0 C:\\Users\\user\\Stuent\\vendor\\laravel\\framework\\src\\Illuminate\\Log\\LogManager.php(137): Illuminate\\Log\\LogManager->resolve(NULL, NULL)
#1 C:\\Users\\user\\Stuent\\vendor\\laravel\\framework\\src\\Illuminate\\Log\\LogManager.php(124): Illuminate\\Log\\LogManager->get(NULL)
#2 C:\\Users\\user\\Stuent\\vendor\\laravel\\framework\\src\\Illuminate\\Log\\LogManager.php(681): Illuminate\\Log\\LogManager->driver()
#3 C:\\Users\\user\\Stuent\\vendor\\laravel\\framework\\src\\Illuminate\\Foundation\\Exceptions\\Handler.php(317): Illuminate\\Log\\LogManager->error('SQLSTATE[HY000]...', Array)
#4 C:\\Users\\user\\Stuent\\vendor\\laravel\\framework\\src\\Illuminate\\Foundation\\Exceptions\\Handler.php(278): Illuminate\\Foundation\\Exceptions\\Handler->reportThrowable(Object(Illuminate\\Database\\QueryException))
#5 C:\\Users\\user\\Stuent\\vendor\\nunomaduro\\collision\\src\\Adapters\\Laravel\\ExceptionHandler.php(46): Illuminate\\Foundation\\Exceptions\\Handler->report(Object(Illuminate\\Database\\QueryException))
#6 C:\\Users\\user\\Stuent\\vendor\\laravel\\framework\\src\\Illuminate\\Foundation\\Console\\Kernel.php(523): NunoMaduro\\Collision\\Adapters\\Laravel\\ExceptionHandler->report(Object(Illuminate\\Database\\QueryException))
#7 C:\\Users\\user\\Stuent\\vendor\\laravel\\framework\\src\\Illuminate\\Foundation\\Console\\Kernel.php(203): Illuminate\\Foundation\\Console\\Kernel->reportException(Object(Illuminate\\Database\\QueryException))
#8 C:\\Users\\user\\Stuent\\artisan(24): Illuminate\\Foundation\\Console\\Kernel->handle(Object(Symfony\\Component\\Console\\Input\\ArgvInput), Object(Symfony\\Component\\Console\\Output\\ConsoleOutput))
#9 {main}
"} 
[2025-11-14 14:28:12] laravel.ERROR: SQLSTATE[HY000] [2002] No connection could be made because the target machine actively refused it (Connection: mysql, SQL: SET FOREIGN_KEY_CHECKS=0;) {"exception":"[object] (Illuminate\\Database\\QueryException(code: 2002): SQLSTATE[HY000] [2002] No connection could be made because the target machine actively refused it (Connection: mysql, SQL: SET FOREIGN_KEY_CHECKS=0;) at C:\\Users\\user\\Stuent\\vendor\\laravel\\framework\\src\\Illuminate\\Database\\Connection.php:829)
[stacktrace]
#0 C:\\Users\\user\\Stuent\\vendor\\laravel\\framework\\src\\Illuminate\\Database\\Connection.php(983): Illuminate\\Database\\Connection->runQueryCallback('SET FOREIGN_KEY...', Array, Object(Closure))
#1 C:\\Users\\user\\Stuent\\vendor\\laravel\\framework\\src\\Illuminate\\Database\\Connection.php(962): Illuminate\\Database\\Connection->tryAgainIfCausedByLostConnection(Object(Illuminate\\Database\\QueryException), 'SET FOREIGN_KEY...', Array, Object(Closure))
#2 C:\\Users\\user\\Stuent\\vendor\\laravel\\framework\\src\\Illuminate\\Database\\Connection.php(785): Illuminate\\Database\\Connection->handleQueryException(Object(Illuminate\\Database\\QueryException), 'SET FOREIGN_KEY...', Array, Object(Closure))
#3 C:\\Users\\user\\Stuent\\vendor\\laravel\\framework\\src\\Illuminate\\Database\\Connection.php(576): Illuminate\\Database\\Connection->run('SET FOREIGN_KEY...', Array, Object(Closure))
#4 C:\\Users\\user\\Stuent\\vendor\\laravel\\framework\\src\\Illuminate\\Database\\DatabaseManager.php(509): Illuminate\\Database\\Connection->statement('SET FOREIGN_KEY...')
#5 C:\\Users\\user\\Stuent\\vendor\\laravel\\framework\\src\\Illuminate\\Support\\Facades\\Facade.php(355): Illuminate\\Database\\DatabaseManager->__call('statement', Array)
#6 C:\\Users\\user\\Stuent\\app\\Console\\Commands\\FastMigrateFresh.php(20): Illuminate\\Support\\Facades\\Facade::__callStatic('statement', Array)
#7 C:\\Users\\user\\Stuent\\vendor\\laravel\\framework\\src\\Illuminate\\Container\\BoundMethod.php(36): App\\Console\\Commands\\FastMigrateFresh->handle()
#8 C:\\Users\\user\\Stuent\\vendor\\laravel\\framework\\src\\Illuminate\\Container\\Util.php(41): Illuminate\\Container\\BoundMethod::Illuminate\\Container\\{closure}()
#9 C:\\Users\\user\\Stuent\\vendor\\laravel\\framework\\src\\Illuminate\\Container\\BoundMethod.php(93): Illuminate\\Container\\Util::unwrapIfClosure(Object(Closure))
#10 C:\\Users\\user\\Stuent\\vendor\\laravel\\framework\\src\\Illuminate\\Container\\BoundMethod.php(35): Illuminate\\Container\\BoundMethod::callBoundMethod(Object(Illuminate\\Foundation\\Application), Array, Object(Closure))
#11 C:\\Users\\user\\Stuent\\vendor\\laravel\\framework\\src\\Illuminate\\Container\\Container.php(662): Illuminate\\Container\\BoundMethod::call(Object(Illuminate\\Foundation\\Application), Array, Array, NULL)
#12 C:\\Users\\user\\Stuent\\vendor\\laravel\\framework\\src\\Illuminate\\Console\\Command.php(211): Illuminate\\Container\\Container->call(Array)
#13 C:\\Users\\user\\Stuent\\vendor\\symfony\\console\\Command\\Command.php(326): Illuminate\\Console\\Command->execute(Object(Symfony\\Component\\Console\\Input\\ArgvInput), Object(Illuminate\\Console\\OutputStyle))
#14 C:\\Users\\user\\Stuent\\vendor\\laravel\\framework\\src\\Illuminate\\Console\\Command.php(180): Symfony\\Component\\Console\\Command\\Command->run(Object(Symfony\\Component\\Console\\Input\\ArgvInput), Object(Illuminate\\Console\\OutputStyle))
#15 C:\\Users\\user\\Stuent\\vendor\\symfony\\console\\Application.php(1088): Illuminate\\Console\\Command->run(Object(Symfony\\Component\\Console\\Input\\ArgvInput), Object(Symfony\\Component\\Console\\Output\\ConsoleOutput))
#16 C:\\Users\\user\\Stuent\\vendor\\symfony\\console\\Application.php(324): Symfony\\Component\\Console\\Application->doRunCommand(Object(App\\Console\\Commands\\FastMigrateFresh), Object(Symfony\\Component\\Console\\Input\\ArgvInput), Object(Symfony\\Component\\Console\\Output\\ConsoleOutput))
#17 C:\\Users\\user\\Stuent\\vendor\\symfony\\console\\Application.php(175): Symfony\\Component\\Console\\Application->doRun(Object(Symfony\\Component\\Console\\Input\\ArgvInput), Object(Symfony\\Component\\Console\\Output\\ConsoleOutput))
#18 C:\\Users\\user\\Stuent\\vendor\\laravel\\framework\\src\\Illuminate\\Foundation\\Console\\Kernel.php(201): Symfony\\Component\\Console\\Application->run(Object(Symfony\\Component\\Console\\Input\\ArgvInput), Object(Symfony\\Component\\Console\\Output\\ConsoleOutput))
#19 C:\\Users\\user\\Stuent\\artisan(24): Illuminate\\Foundation\\Console\\Kernel->handle(Object(Symfony\\Component\\Console\\Input\\ArgvInput), Object(Symfony\\Component\\Console\\Output\\ConsoleOutput))
#20 {main}

[previous exception] [object] (PDOException(code: 2002): SQLSTATE[HY000] [2002] No connection could be made because the target machine actively refused it at C:\\Users\\user\\Stuent\\vendor\\laravel\\framework\\src\\Illuminate\\Database\\Connectors\\Connector.php:65)
[stacktrace]
#0 C:\\Users\\user\\Stuent\\vendor\\laravel\\framework\\src\\Illuminate\\Database\\Connectors\\Connector.php(65): PDO->__construct('mysql:host=127....', 'root', Object(SensitiveParameterValue), Array)
#1 C:\\Users\\user\\Stuent\\vendor\\laravel\\framework\\src\\Illuminate\\Database\\Connectors\\Connector.php(83): Illuminate\\Database\\Connectors\\Connector->createPdoConnection('mysql:host=127....', 'root', '', Array)
#2 C:\\Users\\user\\Stuent\\vendor\\laravel\\framework\\src\\Illuminate\\Database\\Connectors\\Connector.php(48): Illuminate\\Database\\Connectors\\Connector->tryAgainIfCausedByLostConnection(Object(PDOException), 'mysql:host=127....', 'root', '', Array)
#3 C:\\Users\\user\\Stuent\\vendor\\laravel\\framework\\src\\Illuminate\\Database\\Connectors\\MySqlConnector.php(24): Illuminate\\Database\\Connectors\\Connector->createConnection('mysql:host=127....', Array, Array)
#4 C:\\Users\\user\\Stuent\\vendor\\laravel\\framework\\src\\Illuminate\\Database\\Connectors\\ConnectionFactory.php(184): Illuminate\\Database\\Connectors\\MySqlConnector->connect(Array)
#5 [internal function]: Illuminate\\Database\\Connectors\\ConnectionFactory->Illuminate\\Database\\Connectors\\{closure}()
#6 C:\\Users\\user\\Stuent\\vendor\\laravel\\framework\\src\\Illuminate\\Database\\Connection.php(1339): call_user_func(Object(Closure))
#7 C:\\Users\\user\\Stuent\\vendor\\laravel\\framework\\src\\Illuminate\\Database\\Connection.php(581): Illuminate\\Database\\Connection->getPdo()
#8 C:\\Users\\user\\Stuent\\vendor\\laravel\\framework\\src\\Illuminate\\Database\\Connection.php(816): Illuminate\\Database\\Connection->Illuminate\\Database\\{closure}('SET FOREIGN_KEY...', Array)
#9 C:\\Users\\user\\Stuent\\vendor\\laravel\\framework\\src\\Illuminate\\Database\\Connection.php(983): Illuminate\\Database\\Connection->runQueryCallback('SET FOREIGN_KEY...', Array, Object(Closure))
#10 C:\\Users\\user\\Stuent\\vendor\\laravel\\framework\\src\\Illuminate\\Database\\Connection.php(962): Illuminate\\Database\\Connection->tryAgainIfCausedByLostConnection(Object(Illuminate\\Database\\QueryException), 'SET FOREIGN_KEY...', Array, Object(Closure))
#11 C:\\Users\\user\\Stuent\\vendor\\laravel\\framework\\src\\Illuminate\\Database\\Connection.php(785): Illuminate\\Database\\Connection->handleQueryException(Object(Illuminate\\Database\\QueryException), 'SET FOREIGN_KEY...', Array, Object(Closure))
#12 C:\\Users\\user\\Stuent\\vendor\\laravel\\framework\\src\\Illuminate\\Database\\Connection.php(576): Illuminate\\Database\\Connection->run('SET FOREIGN_KEY...', Array, Object(Closure))
#13 C:\\Users\\user\\Stuent\\vendor\\laravel\\framework\\src\\Illuminate\\Database\\DatabaseManager.php(509): Illuminate\\Database\\Connection->statement('SET FOREIGN_KEY...')
#14 C:\\Users\\user\\Stuent\\vendor\\laravel\\framework\\src\\Illuminate\\Support\\Facades\\Facade.php(355): Illuminate\\Database\\DatabaseManager->__call('statement', Array)
#15 C:\\Users\\user\\Stuent\\app\\Console\\Commands\\FastMigrateFresh.php(20): Illuminate\\Support\\Facades\\Facade::__callStatic('statement', Array)
#16 C:\\Users\\user\\Stuent\\vendor\\laravel\\framework\\src\\Illuminate\\Container\\BoundMethod.php(36): App\\Console\\Commands\\FastMigrateFresh->handle()
#17 C:\\Users\\user\\Stuent\\vendor\\laravel\\framework\\src\\Illuminate\\Container\\Util.php(41): Illuminate\\Container\\BoundMethod::Illuminate\\Container\\{closure}()
#18 C:\\Users\\user\\Stuent\\vendor\\laravel\\framework\\src\\Illuminate\\Container\\BoundMethod.php(93): Illuminate\\Container\\Util::unwrapIfClosure(Object(Closure))
#19 C:\\Users\\user\\Stuent\\vendor\\laravel\\framework\\src\\Illuminate\\Container\\BoundMethod.php(35): Illuminate\\Container\\BoundMethod::callBoundMethod(Object(Illuminate\\Foundation\\Application), Array, Object(Closure))
#20 C:\\Users\\user\\Stuent\\vendor\\laravel\\framework\\src\\Illuminate\\Container\\Container.php(662): Illuminate\\Container\\BoundMethod::call(Object(Illuminate\\Foundation\\Application), Array, Array, NULL)
#21 C:\\Users\\user\\Stuent\\vendor\\laravel\\framework\\src\\Illuminate\\Console\\Command.php(211): Illuminate\\Container\\Container->call(Array)
#22 C:\\Users\\user\\Stuent\\vendor\\symfony\\console\\Command\\Command.php(326): Illuminate\\Console\\Command->execute(Object(Symfony\\Component\\Console\\Input\\ArgvInput), Object(Illuminate\\Console\\OutputStyle))
#23 C:\\Users\\user\\Stuent\\vendor\\laravel\\framework\\src\\Illuminate\\Console\\Command.php(180): Symfony\\Component\\Console\\Command\\Command->run(Object(Symfony\\Component\\Console\\Input\\ArgvInput), Object(Illuminate\\Console\\OutputStyle))
#24 C:\\Users\\user\\Stuent\\vendor\\symfony\\console\\Application.php(1088): Illuminate\\Console\\Command->run(Object(Symfony\\Component\\Console\\Input\\ArgvInput), Object(Symfony\\Component\\Console\\Output\\ConsoleOutput))
#25 C:\\Users\\user\\Stuent\\vendor\\symfony\\console\\Application.php(324): Symfony\\Component\\Console\\Application->doRunCommand(Object(App\\Console\\Commands\\FastMigrateFresh), Object(Symfony\\Component\\Console\\Input\\ArgvInput), Object(Symfony\\Component\\Console\\Output\\ConsoleOutput))
#26 C:\\Users\\user\\Stuent\\vendor\\symfony\\console\\Application.php(175): Symfony\\Component\\Console\\Application->doRun(Object(Symfony\\Component\\Console\\Input\\ArgvInput), Object(Symfony\\Component\\Console\\Output\\ConsoleOutput))
#27 C:\\Users\\user\\Stuent\\vendor\\laravel\\framework\\src\\Illuminate\\Foundation\\Console\\Kernel.php(201): Symfony\\Component\\Console\\Application->run(Object(Symfony\\Component\\Console\\Input\\ArgvInput), Object(Symfony\\Component\\Console\\Output\\ConsoleOutput))
#28 C:\\Users\\user\\Stuent\\artisan(24): Illuminate\\Foundation\\Console\\Kernel->handle(Object(Symfony\\Component\\Console\\Input\\ArgvInput), Object(Symfony\\Component\\Console\\Output\\ConsoleOutput))
#29 {main}
"} 
[2025-11-14 14:30:04] laravel.EMERGENCY: Unable to create configured logger. Using emergency logger. {"exception":"[object] (InvalidArgumentException(code: 0): Log [] is not defined. at C:\\Users\\user\\Stuent\\vendor\\laravel\\framework\\src\\Illuminate\\Log\\LogManager.php:212)
[stacktrace]
#0 C:\\Users\\user\\Stuent\\vendor\\laravel\\framework\\src\\Illuminate\\Log\\LogManager.php(137): Illuminate\\Log\\LogManager->resolve(NULL, NULL)
#1 C:\\Users\\user\\Stuent\\vendor\\laravel\\framework\\src\\Illuminate\\Log\\LogManager.php(124): Illuminate\\Log\\LogManager->get(NULL)
#2 C:\\Users\\user\\Stuent\\vendor\\laravel\\framework\\src\\Illuminate\\Log\\LogManager.php(681): Illuminate\\Log\\LogManager->driver()
#3 C:\\Users\\user\\Stuent\\vendor\\laravel\\framework\\src\\Illuminate\\Foundation\\Exceptions\\Handler.php(317): Illuminate\\Log\\LogManager->error('Database connec...', Array)
#4 C:\\Users\\user\\Stuent\\vendor\\laravel\\framework\\src\\Illuminate\\Foundation\\Exceptions\\Handler.php(278): Illuminate\\Foundation\\Exceptions\\Handler->reportThrowable(Object(InvalidArgumentException))
#5 C:\\Users\\user\\Stuent\\vendor\\nunomaduro\\collision\\src\\Adapters\\Laravel\\ExceptionHandler.php(46): Illuminate\\Foundation\\Exceptions\\Handler->report(Object(InvalidArgumentException))
#6 C:\\Users\\user\\Stuent\\vendor\\laravel\\framework\\src\\Illuminate\\Foundation\\Console\\Kernel.php(523): NunoMaduro\\Collision\\Adapters\\Laravel\\ExceptionHandler->report(Object(InvalidArgumentException))
#7 C:\\Users\\user\\Stuent\\vendor\\laravel\\framework\\src\\Illuminate\\Foundation\\Console\\Kernel.php(203): Illuminate\\Foundation\\Console\\Kernel->reportException(Object(InvalidArgumentException))
#8 C:\\Users\\user\\Stuent\\artisan(24): Illuminate\\Foundation\\Console\\Kernel->handle(Object(Symfony\\Component\\Console\\Input\\ArgvInput), Object(Symfony\\Component\\Console\\Output\\ConsoleOutput))
#9 {main}
"} 
[2025-11-14 14:30:04] laravel.ERROR: Database connection [sqlite] not configured. {"exception":"[object] (InvalidArgumentException(code: 0): Database connection [sqlite] not configured. at C:\\Users\\user\\Stuent\\vendor\\laravel\\framework\\src\\Illuminate\\Database\\DatabaseManager.php:196)
[stacktrace]
#0 C:\\Users\\user\\Stuent\\vendor\\laravel\\framework\\src\\Illuminate\\Database\\DatabaseManager.php(159): Illuminate\\Database\\DatabaseManager->configuration('sqlite')
#1 C:\\Users\\user\\Stuent\\vendor\\laravel\\framework\\src\\Illuminate\\Database\\DatabaseManager.php(101): Illuminate\\Database\\DatabaseManager->makeConnection('sqlite')
#2 C:\\Users\\user\\Stuent\\vendor\\laravel\\framework\\src\\Illuminate\\Database\\Migrations\\DatabaseMigrationRepository.php(226): Illuminate\\Database\\DatabaseManager->connection('sqlite')
#3 C:\\Users\\user\\Stuent\\vendor\\laravel\\framework\\src\\Illuminate\\Database\\Migrations\\DatabaseMigrationRepository.php(182): Illuminate\\Database\\Migrations\\DatabaseMigrationRepository->getConnection()
#4 C:\\Users\\user\\Stuent\\vendor\\laravel\\framework\\src\\Illuminate\\Database\\Migrations\\Migrator.php(727): Illuminate\\Database\\Migrations\\DatabaseMigrationRepository->repositoryExists()
#5 C:\\Users\\user\\Stuent\\vendor\\laravel\\framework\\src\\Illuminate\\Database\\Console\\Migrations\\MigrateCommand.php(140): Illuminate\\Database\\Migrations\\Migrator->repositoryExists()
#6 C:\\Users\\user\\Stuent\\vendor\\laravel\\framework\\src\\Illuminate\\Support\\helpers.php(261): Illuminate\\Database\\Console\\Migrations\\MigrateCommand->Illuminate\\Database\\Console\\Migrations\\{closure}(1)
#7 C:\\Users\\user\\Stuent\\vendor\\laravel\\framework\\src\\Illuminate\\Database\\Console\\Migrations\\MigrateCommand.php(140): retry(1, Object(Closure), 0, Object(Closure))
#8 C:\\Users\\user\\Stuent\\vendor\\laravel\\framework\\src\\Illuminate\\Database\\Console\\Migrations\\MigrateCommand.php(116): Illuminate\\Database\\Console\\Migrations\\MigrateCommand->repositoryExists()
#9 C:\\Users\\user\\Stuent\\vendor\\laravel\\framework\\src\\Illuminate\\Database\\Console\\Migrations\\MigrateCommand.php(84): Illuminate\\Database\\Console\\Migrations\\MigrateCommand->prepareDatabase()
#10 C:\\Users\\user\\Stuent\\vendor\\laravel\\framework\\src\\Illuminate\\Database\\Migrations\\Migrator.php(641): Illuminate\\Database\\Console\\Migrations\\MigrateCommand->Illuminate\\Database\\Console\\Migrations\\{closure}()
#11 C:\\Users\\user\\Stuent\\vendor\\laravel\\framework\\src\\Illuminate\\Database\\Console\\Migrations\\MigrateCommand.php(83): Illuminate\\Database\\Migrations\\Migrator->usingConnection(NULL, Object(Closure))
#12 C:\\Users\\user\\Stuent\\vendor\\laravel\\framework\\src\\Illuminate\\Container\\BoundMethod.php(36): Illuminate\\Database\\Console\\Migrations\\MigrateCommand->handle()
#13 C:\\Users\\user\\Stuent\\vendor\\laravel\\framework\\src\\Illuminate\\Container\\Util.php(41): Illuminate\\Container\\BoundMethod::Illuminate\\Container\\{closure}()
#14 C:\\Users\\user\\Stuent\\vendor\\laravel\\framework\\src\\Illuminate\\Container\\BoundMethod.php(93): Illuminate\\Container\\Util::unwrapIfClosure(Object(Closure))
#15 C:\\Users\\user\\Stuent\\vendor\\laravel\\framework\\src\\Illuminate\\Container\\BoundMethod.php(35): Illuminate\\Container\\BoundMethod::callBoundMethod(Object(Illuminate\\Foundation\\Application), Array, Object(Closure))
#16 C:\\Users\\user\\Stuent\\vendor\\laravel\\framework\\src\\Illuminate\\Container\\Container.php(662): Illuminate\\Container\\BoundMethod::call(Object(Illuminate\\Foundation\\Application), Array, Array, NULL)
#17 C:\\Users\\user\\Stuent\\vendor\\laravel\\framework\\src\\Illuminate\\Console\\Command.php(211): Illuminate\\Container\\Container->call(Array)
#18 C:\\Users\\user\\Stuent\\vendor\\symfony\\console\\Command\\Command.php(326): Illuminate\\Console\\Command->execute(Object(Symfony\\Component\\Console\\Input\\ArgvInput), Object(Illuminate\\Console\\OutputStyle))
#19 C:\\Users\\user\\Stuent\\vendor\\laravel\\framework\\src\\Illuminate\\Console\\Command.php(180): Symfony\\Component\\Console\\Command\\Command->run(Object(Symfony\\Component\\Console\\Input\\ArgvInput), Object(Illuminate\\Console\\OutputStyle))
#20 C:\\Users\\user\\Stuent\\vendor\\symfony\\console\\Application.php(1088): Illuminate\\Console\\Command->run(Object(Symfony\\Component\\Console\\Input\\ArgvInput), Object(Symfony\\Component\\Console\\Output\\ConsoleOutput))
#21 C:\\Users\\user\\Stuent\\vendor\\symfony\\console\\Application.php(324): Symfony\\Component\\Console\\Application->doRunCommand(Object(Illuminate\\Database\\Console\\Migrations\\MigrateCommand), Object(Symfony\\Component\\Console\\Input\\ArgvInput), Object(Symfony\\Component\\Console\\Output\\ConsoleOutput))
#22 C:\\Users\\user\\Stuent\\vendor\\symfony\\console\\Application.php(175): Symfony\\Component\\Console\\Application->doRun(Object(Symfony\\Component\\Console\\Input\\ArgvInput), Object(Symfony\\Component\\Console\\Output\\ConsoleOutput))
#23 C:\\Users\\user\\Stuent\\vendor\\laravel\\framework\\src\\Illuminate\\Foundation\\Console\\Kernel.php(201): Symfony\\Component\\Console\\Application->run(Object(Symfony\\Component\\Console\\Input\\ArgvInput), Object(Symfony\\Component\\Console\\Output\\ConsoleOutput))
#24 C:\\Users\\user\\Stuent\\artisan(24): Illuminate\\Foundation\\Console\\Kernel->handle(Object(Symfony\\Component\\Console\\Input\\ArgvInput), Object(Symfony\\Component\\Console\\Output\\ConsoleOutput))
#25 {main}
"} 
[2025-11-14 14:31:15] laravel.EMERGENCY: Unable to create configured logger. Using emergency logger. {"exception":"[object] (InvalidArgumentException(code: 0): Log [] is not defined. at C:\\Users\\user\\Stuent\\vendor\\laravel\\framework\\src\\Illuminate\\Log\\LogManager.php:212)
[stacktrace]
#0 C:\\Users\\user\\Stuent\\vendor\\laravel\\framework\\src\\Illuminate\\Log\\LogManager.php(137): Illuminate\\Log\\LogManager->resolve(NULL, NULL)
#1 C:\\Users\\user\\Stuent\\vendor\\laravel\\framework\\src\\Illuminate\\Log\\LogManager.php(124): Illuminate\\Log\\LogManager->get(NULL)
#2 C:\\Users\\user\\Stuent\\vendor\\laravel\\framework\\src\\Illuminate\\Log\\LogManager.php(681): Illuminate\\Log\\LogManager->driver()
#3 C:\\Users\\user\\Stuent\\vendor\\laravel\\framework\\src\\Illuminate\\Foundation\\Exceptions\\Handler.php(317): Illuminate\\Log\\LogManager->error('SQLSTATE[HY000]...', Array)
#4 C:\\Users\\user\\Stuent\\vendor\\laravel\\framework\\src\\Illuminate\\Foundation\\Exceptions\\Handler.php(278): Illuminate\\Foundation\\Exceptions\\Handler->reportThrowable(Object(Illuminate\\Database\\QueryException))
#5 C:\\Users\\user\\Stuent\\vendor\\nunomaduro\\collision\\src\\Adapters\\Laravel\\ExceptionHandler.php(46): Illuminate\\Foundation\\Exceptions\\Handler->report(Object(Illuminate\\Database\\QueryException))
#6 C:\\Users\\user\\Stuent\\vendor\\laravel\\framework\\src\\Illuminate\\Foundation\\Console\\Kernel.php(523): NunoMaduro\\Collision\\Adapters\\Laravel\\ExceptionHandler->report(Object(Illuminate\\Database\\QueryException))
#7 C:\\Users\\user\\Stuent\\vendor\\laravel\\framework\\src\\Illuminate\\Foundation\\Console\\Kernel.php(203): Illuminate\\Foundation\\Console\\Kernel->reportException(Object(Illuminate\\Database\\QueryException))
#8 C:\\Users\\user\\Stuent\\artisan(24): Illuminate\\Foundation\\Console\\Kernel->handle(Object(Symfony\\Component\\Console\\Input\\ArgvInput), Object(Symfony\\Component\\Console\\Output\\ConsoleOutput))
#9 {main}
"} 
[2025-11-14 14:31:15] laravel.ERROR: SQLSTATE[HY000]: General error: 1 near "SHOW": syntax error (Connection: sqlite, SQL: SHOW TABLES) {"exception":"[object] (Illuminate\\Database\\QueryException(code: HY000): SQLSTATE[HY000]: General error: 1 near \"SHOW\": syntax error (Connection: sqlite, SQL: SHOW TABLES) at C:\\Users\\user\\Stuent\\vendor\\laravel\\framework\\src\\Illuminate\\Database\\Connection.php:829)
[stacktrace]
#0 C:\\Users\\user\\Stuent\\vendor\\laravel\\framework\\src\\Illuminate\\Database\\Connection.php(783): Illuminate\\Database\\Connection->runQueryCallback('SHOW TABLES', Array, Object(Closure))
#1 C:\\Users\\user\\Stuent\\vendor\\laravel\\framework\\src\\Illuminate\\Database\\Connection.php(414): Illuminate\\Database\\Connection->run('SHOW TABLES', Array, Object(Closure))
#2 C:\\Users\\user\\Stuent\\vendor\\laravel\\framework\\src\\Illuminate\\Database\\DatabaseManager.php(509): Illuminate\\Database\\Connection->select('SHOW TABLES')
#3 C:\\Users\\user\\Stuent\\vendor\\laravel\\framework\\src\\Illuminate\\Support\\Facades\\Facade.php(355): Illuminate\\Database\\DatabaseManager->__call('select', Array)
#4 C:\\Users\\user\\Stuent\\app\\Console\\Commands\\FastMigrateFresh.php(24): Illuminate\\Support\\Facades\\Facade::__callStatic('select', Array)
#5 C:\\Users\\user\\Stuent\\vendor\\laravel\\framework\\src\\Illuminate\\Container\\BoundMethod.php(36): App\\Console\\Commands\\FastMigrateFresh->handle()
#6 C:\\Users\\user\\Stuent\\vendor\\laravel\\framework\\src\\Illuminate\\Container\\Util.php(41): Illuminate\\Container\\BoundMethod::Illuminate\\Container\\{closure}()
#7 C:\\Users\\user\\Stuent\\vendor\\laravel\\framework\\src\\Illuminate\\Container\\BoundMethod.php(93): Illuminate\\Container\\Util::unwrapIfClosure(Object(Closure))
#8 C:\\Users\\user\\Stuent\\vendor\\laravel\\framework\\src\\Illuminate\\Container\\BoundMethod.php(35): Illuminate\\Container\\BoundMethod::callBoundMethod(Object(Illuminate\\Foundation\\Application), Array, Object(Closure))
#9 C:\\Users\\user\\Stuent\\vendor\\laravel\\framework\\src\\Illuminate\\Container\\Container.php(662): Illuminate\\Container\\BoundMethod::call(Object(Illuminate\\Foundation\\Application), Array, Array, NULL)
#10 C:\\Users\\user\\Stuent\\vendor\\laravel\\framework\\src\\Illuminate\\Console\\Command.php(211): Illuminate\\Container\\Container->call(Array)
#11 C:\\Users\\user\\Stuent\\vendor\\symfony\\console\\Command\\Command.php(326): Illuminate\\Console\\Command->execute(Object(Symfony\\Component\\Console\\Input\\ArgvInput), Object(Illuminate\\Console\\OutputStyle))
#12 C:\\Users\\user\\Stuent\\vendor\\laravel\\framework\\src\\Illuminate\\Console\\Command.php(180): Symfony\\Component\\Console\\Command\\Command->run(Object(Symfony\\Component\\Console\\Input\\ArgvInput), Object(Illuminate\\Console\\OutputStyle))
#13 C:\\Users\\user\\Stuent\\vendor\\symfony\\console\\Application.php(1088): Illuminate\\Console\\Command->run(Object(Symfony\\Component\\Console\\Input\\ArgvInput), Object(Symfony\\Component\\Console\\Output\\ConsoleOutput))
#14 C:\\Users\\user\\Stuent\\vendor\\symfony\\console\\Application.php(324): Symfony\\Component\\Console\\Application->doRunCommand(Object(App\\Console\\Commands\\FastMigrateFresh), Object(Symfony\\Component\\Console\\Input\\ArgvInput), Object(Symfony\\Component\\Console\\Output\\ConsoleOutput))
#15 C:\\Users\\user\\Stuent\\vendor\\symfony\\console\\Application.php(175): Symfony\\Component\\Console\\Application->doRun(Object(Symfony\\Component\\Console\\Input\\ArgvInput), Object(Symfony\\Component\\Console\\Output\\ConsoleOutput))
#16 C:\\Users\\user\\Stuent\\vendor\\laravel\\framework\\src\\Illuminate\\Foundation\\Console\\Kernel.php(201): Symfony\\Component\\Console\\Application->run(Object(Symfony\\Component\\Console\\Input\\ArgvInput), Object(Symfony\\Component\\Console\\Output\\ConsoleOutput))
#17 C:\\Users\\user\\Stuent\\artisan(24): Illuminate\\Foundation\\Console\\Kernel->handle(Object(Symfony\\Component\\Console\\Input\\ArgvInput), Object(Symfony\\Component\\Console\\Output\\ConsoleOutput))
#18 {main}

[previous exception] [object] (PDOException(code: HY000): SQLSTATE[HY000]: General error: 1 near \"SHOW\": syntax error at C:\\Users\\user\\Stuent\\vendor\\laravel\\framework\\src\\Illuminate\\Database\\Connection.php:423)
[stacktrace]
#0 C:\\Users\\user\\Stuent\\vendor\\laravel\\framework\\src\\Illuminate\\Database\\Connection.php(423): PDO->prepare('SHOW TABLES')
#1 C:\\Users\\user\\Stuent\\vendor\\laravel\\framework\\src\\Illuminate\\Database\\Connection.php(816): Illuminate\\Database\\Connection->Illuminate\\Database\\{closure}('SHOW TABLES', Array)
#2 C:\\Users\\user\\Stuent\\vendor\\laravel\\framework\\src\\Illuminate\\Database\\Connection.php(783): Illuminate\\Database\\Connection->runQueryCallback('SHOW TABLES', Array, Object(Closure))
#3 C:\\Users\\user\\Stuent\\vendor\\laravel\\framework\\src\\Illuminate\\Database\\Connection.php(414): Illuminate\\Database\\Connection->run('SHOW TABLES', Array, Object(Closure))
#4 C:\\Users\\user\\Stuent\\vendor\\laravel\\framework\\src\\Illuminate\\Database\\DatabaseManager.php(509): Illuminate\\Database\\Connection->select('SHOW TABLES')
#5 C:\\Users\\user\\Stuent\\vendor\\laravel\\framework\\src\\Illuminate\\Support\\Facades\\Facade.php(355): Illuminate\\Database\\DatabaseManager->__call('select', Array)
#6 C:\\Users\\user\\Stuent\\app\\Console\\Commands\\FastMigrateFresh.php(24): Illuminate\\Support\\Facades\\Facade::__callStatic('select', Array)
#7 C:\\Users\\user\\Stuent\\vendor\\laravel\\framework\\src\\Illuminate\\Container\\BoundMethod.php(36): App\\Console\\Commands\\FastMigrateFresh->handle()
#8 C:\\Users\\user\\Stuent\\vendor\\laravel\\framework\\src\\Illuminate\\Container\\Util.php(41): Illuminate\\Container\\BoundMethod::Illuminate\\Container\\{closure}()
#9 C:\\Users\\user\\Stuent\\vendor\\laravel\\framework\\src\\Illuminate\\Container\\BoundMethod.php(93): Illuminate\\Container\\Util::unwrapIfClosure(Object(Closure))
#10 C:\\Users\\user\\Stuent\\vendor\\laravel\\framework\\src\\Illuminate\\Container\\BoundMethod.php(35): Illuminate\\Container\\BoundMethod::callBoundMethod(Object(Illuminate\\Foundation\\Application), Array, Object(Closure))
#11 C:\\Users\\user\\Stuent\\vendor\\laravel\\framework\\src\\Illuminate\\Container\\Container.php(662): Illuminate\\Container\\BoundMethod::call(Object(Illuminate\\Foundation\\Application), Array, Array, NULL)
#12 C:\\Users\\user\\Stuent\\vendor\\laravel\\framework\\src\\Illuminate\\Console\\Command.php(211): Illuminate\\Container\\Container->call(Array)
#13 C:\\Users\\user\\Stuent\\vendor\\symfony\\console\\Command\\Command.php(326): Illuminate\\Console\\Command->execute(Object(Symfony\\Component\\Console\\Input\\ArgvInput), Object(Illuminate\\Console\\OutputStyle))
#14 C:\\Users\\user\\Stuent\\vendor\\laravel\\framework\\src\\Illuminate\\Console\\Command.php(180): Symfony\\Component\\Console\\Command\\Command->run(Object(Symfony\\Component\\Console\\Input\\ArgvInput), Object(Illuminate\\Console\\OutputStyle))
#15 C:\\Users\\user\\Stuent\\vendor\\symfony\\console\\Application.php(1088): Illuminate\\Console\\Command->run(Object(Symfony\\Component\\Console\\Input\\ArgvInput), Object(Symfony\\Component\\Console\\Output\\ConsoleOutput))
#16 C:\\Users\\user\\Stuent\\vendor\\symfony\\console\\Application.php(324): Symfony\\Component\\Console\\Application->doRunCommand(Object(App\\Console\\Commands\\FastMigrateFresh), Object(Symfony\\Component\\Console\\Input\\ArgvInput), Object(Symfony\\Component\\Console\\Output\\ConsoleOutput))
#17 C:\\Users\\user\\Stuent\\vendor\\symfony\\console\\Application.php(175): Symfony\\Component\\Console\\Application->doRun(Object(Symfony\\Component\\Console\\Input\\ArgvInput), Object(Symfony\\Component\\Console\\Output\\ConsoleOutput))
#18 C:\\Users\\user\\Stuent\\vendor\\laravel\\framework\\src\\Illuminate\\Foundation\\Console\\Kernel.php(201): Symfony\\Component\\Console\\Application->run(Object(Symfony\\Component\\Console\\Input\\ArgvInput), Object(Symfony\\Component\\Console\\Output\\ConsoleOutput))
#19 C:\\Users\\user\\Stuent\\artisan(24): Illuminate\\Foundation\\Console\\Kernel->handle(Object(Symfony\\Component\\Console\\Input\\ArgvInput), Object(Symfony\\Component\\Console\\Output\\ConsoleOutput))
#20 {main}
"} 
